id,label
48c96bd6b,4
59d1b6146,96
d6143b4d4,79
edecaff0a,21
aaa580243,49
aeb67eefb,54
1b7aef8e8,69
8d808a07b,90
2213dd7ad,48
7b437ba4e,103
0c79ae44d,83
37e16acde,28
c2c5a8cc9,67
2f90dff16,79
d907ca7c0,4
53cfc6586,46
d4ab201b8,103
9fe27bb58,12
0b9afbdf2,8
541c4d41e,82
c37a6f3e9,4
252d840db,4
1c4736dea,69
00e4f514e,77
a98328317,80
b9e60ac3b,28
dfc9c6a23,89
52a88af32,103
054412f7e,49
8e7173502,0
c1f18cb5d,73
ffd3661d4,57
8097bc805,95
dfd946ac8,14
ed308c95d,4
8b2742145,29
f267d94cc,42
550290aaa,67
630ba700c,24
6e644aad3,67
ae62dc8b0,77
78dbf0e31,43
8a952300f,68
6fd484575,16
e0098a158,81
1548838d2,49
45a842008,87
035f7cb0e,48
01cf43e0a,14
2f9bf2b8a,4
98f62f563,22
478e21c30,47
c3194a1e8,53
9704969a7,67
111388cb7,43
f1184530f,86
0c3ae4377,53
22149c3fd,86
6e4cea791,103
5ac870ba2,85
0ae82a090,75
c245c24bd,102
04a7a4f50,49
a29fae12a,69
0cfc11aec,29
8f252ecb2,81
855229539,53
38cf8682d,13
acf17fceb,24
a51abdf4f,72
73a3ae7ee,49
a31f90373,102
8f76524a3,75
ff889e23b,10
b7b3939ca,58
5eabca233,86
91b8321dd,48
5b0a35493,49
07c0d22bb,14
0f33f1ca9,4
bb0b9304e,53
333beeeb9,48
0bf251179,82
117aabfd8,67
91db7053a,0
0cf6cceda,103
512aaea7c,14
6e08cae12,103
9a4cb2829,103
d95bb7f70,72
b4663783a,79
410639882,83
84fc77fbd,103
9950111eb,92
83714b580,94
2b5d0e5c2,96
0542511ad,80
d97215599,9
09780bc52,40
9fc75b12b,34
70d635915,78
2dd56f346,103
b57dfb28a,51
4acd9d511,0
cc0db3719,63
367f0d3ab,50
0039e54f0,14
c2d849108,102
aa070417f,67
b7a8c231f,102
85f57ce0b,8
e7292df85,48
5b87d8d4b,57
3b66e2c2a,68
d5320553f,49
034ef87a4,75
3f3977d40,50
3cf6321ab,4
7efb877f1,73
885f2eac5,18
69e41bdea,71
0c3928144,14
e345afe29,4
66e6f6938,48
116b7f1b1,68
6066bf3b3,40
53be7448d,72
416e24d42,39
a256f13ff,4
a51b01392,50
f42d2d722,48
5fff5ccb0,13
a83db002c,102
584b3a955,54
2df00f8e9,48
e45a81eb4,4
f4cd5efa6,103
ef31624e8,37
f028e8401,48
f969c00cd,90
37090107a,103
48f82311a,12
0394a004e,53
0120d37e5,8
bd8139bb7,9
6d34e11fc,11
d69a2d62b,75
fa612d18c,48
94d32655a,102
42b0abd95,103
e6dc466d6,67
a6db70773,67
04c9322f3,68
6074e6638,55
319090100,103
abed810c6,24
ac0930c4d,94
774e6e2a9,103
2d0752813,71
a0925df64,53
87020b1ce,103
7c856ad41,7
1a5872fb5,64
5d3f635c6,40
2fafd906d,4
8899f1bd1,49
ec60dee71,13
0d27bbb79,47
3da7e8585,90
27bf39b00,75
3341a6efb,102
e1e7f8c61,42
c8bec0f66,8
ca82d5eb3,9
b61f62d90,82
73092f468,67
099a2107d,75
2a5e80a12,49
780f371fd,57
30eaaa6c9,7
37bd7591f,67
5002bff77,10
41ab6b40a,49
7acc72b45,4
401b6e0c9,49
19e239913,50
997575057,0
f85a5ee9a,80
212081efd,71
f2cb54027,70
9924275c7,91
1f244d315,10
2d3ea8986,4
7b825842e,4
710a380e2,72
15409e0d2,29
ac6d42eca,67
5954973f3,53
67056dfa6,52
5bb0fd4f7,14
8d8f3ee47,83
960cb8c40,13
473c84ae9,46
cd4b41085,67
e5f6dbca4,13
6b82e86e7,73
b784d7a07,49
92c33e670,74
97a7c1e5b,73
3a1c2ac95,76
a1a2e7691,67
7dd20f99e,67
4abefc989,84
2538e0716,71
d31f5a836,102
4e5e899bd,81
165378703,59
33a504d5d,14
45655caf4,81
d9aa13213,10
2cb2c881e,58
6557acff6,49
083ee0c99,81
03091fb7a,67
72e6235c1,102
a2b499115,9
eb86fad74,52
fe2bfa700,96
bf54b2c66,30
f351a6e43,56
84b7495d6,67
8d5494b6f,102
06291a920,55
8756842ba,79
1dc234d6d,55
49ebce8a6,103
dd20b2594,49
a2aa2199a,78
26d1f0e73,36
3cb2f9e9c,73
32b46db46,10
efa3cd848,20
4c0a72203,9
0435e3c70,102
6521bc49e,103
1c4bdac93,4
89c87633a,4
6115fb1ac,48
3231f45f3,47
add649c7d,4
9a4c23eeb,49
41f6cf7e1,4
35cb5e3c3,69
6aaaa29e5,19
5c2b3adde,93
1a96992d9,53
8c102e395,96
28f90d5f0,43
b51c9863e,8
3cc7863f5,43
c476f6495,29
8257df18f,67
3d2ee2570,73
7a7fefad9,68
d2b091c3b,82
50de80a98,83
01c633ff1,103
b1041fc0d,28
cc9cd7803,68
cbb2dd81a,103
9d56168f2,102
0fc91f469,82
28fa2b3c8,103
03c9840a9,67
760068096,48
4fb5992b3,13
8e412c7e5,41
954d0fe63,103
36b0477d7,47
2a0dc41cd,48
6ef2473d3,4
6c6ba5d80,7
ba9e33af2,67
23253eaed,67
a0e86b0b1,48
c8aa236c5,84
54f73d67c,103
369693f04,30
a8a8b4261,47
73ff3946d,45
dcbd123a6,4
814e0e21e,47
19e95658b,66
abfe5bd86,0
8d53d2814,10
9f6708c0b,71
a69c80256,21
705344bd8,98
2b347b559,103
e58b03040,16
eb64f3c3f,4
50bb7de2d,4
5f0542bfc,47
e203d6713,72
65d1f9b28,53
50ee680eb,69
aedab5dc5,82
c099603ac,76
2bf06cd03,67
f5b855bb6,14
a91426ca4,21
44d4d79f1,73
2b313ee7c,49
33f20f40b,49
141fe61d6,4
b2a655d89,68
1d149bccd,67
b9b1f27a7,51
f670aa5ac,66
4b4291637,81
d4ae8d14a,47
359625cf3,93
11b0ea314,47
12c738d87,71
5b3c21bc7,67
c7dad9e04,81
7b3780a82,47
344a190fa,29
3b89f294f,53
45c6bef70,48
8af7864d3,73
c0a83f8bf,67
6485b01ac,57
0ac2378b9,49
5413350ec,69
b547b5949,67
05a947c38,56
a19256173,102
2841a62a6,91
336577848,14
22f63c29b,11
15f331c1c,87
d25115245,41
77f6880d2,13
32aa8548d,10
c251cfdb5,8
9a4b0da88,75
1f2eca93a,48
78f6357bc,66
cf95485eb,71
0b1ddcd93,53
36c344ab5,73
ed127c922,102
e9b9e8a26,4
ce71e2dfe,14
75d255458,86
c92860c63,10
e5b0c4faf,43
7c30e1a81,76
c2915a59d,35
8e2b5a31b,65
2b5f79660,102
46ccb6bd3,90
2eb1d2313,66
39e216b40,13
22eaa8132,76
aedb03983,50
e5ee0be59,67
94db73148,76
1c39926e6,13
052d2dde2,0
9b1b30062,48
9c2f4d9ba,53
e7393ca3b,102
1a2e45581,47
ce53cea31,14
ec09668c7,70
13fdfe24d,102
2b782bb3f,95
b5422eec0,68
49b260995,34
0dd7f1f16,30
1ee5a55be,99
8846a7457,13
524961d31,75
58c271df1,103
53ef32294,48
eda20ddee,47
8459de1be,10
fb56bcd7d,5
d09afd3b0,103
7de7343c3,9
88be303e1,96
282dca22f,52
20b97d483,14
6939eb499,10
56e5b72fb,51
44e4c1b98,13
fac9307e4,48
5b8579555,39
2618facbd,74
cd27460a9,92
6cadad337,85
c4081a31e,102
246798d36,67
e5a6a39de,53
662f8bc0f,73
0e62ddf15,93
b2b7e722d,80
9679190dd,75
4c1b8a5c3,0
50a645c94,28
4e792387e,71
7302be7da,52
0679c1097,67
370fe09fa,53
4de97f685,102
400b2bbda,67
eb4dbb060,14
1f36484d7,60
c145a87d1,67
2f4c11e66,73
2cdb115b6,10
f83e299b4,81
eea83069a,103
62ea468a3,49
a2606d96b,70
7530384bf,103
7504b36cf,4
10dee0305,18
653443f38,75
bfcb81efc,69
0a9e05e74,49
edbf64b0b,67
f88592f94,7
d6a792c0d,84
54493a1bd,91
6ca8991a6,13
05b14593a,70
f7f45e1d2,10
c0de46b28,82
14ea3ffb9,97
ff30e8b96,48
7c8c55147,68
2a7c1dbf3,30
0e9e5a0f0,48
e161af94b,93
36f02d6c2,4
6e3c0fddd,34
e40a71ec4,4
bbaef0141,5
d828c217b,43
1932af102,4
01555bed7,93
4ea1d0d52,36
8fcb4c7e3,47
c4c802142,95
8df7f4638,94
558548e53,43
241202d64,38
dbeef740d,4
0e0caa0a2,103
7799eb3ef,86
c82e8a869,48
896467495,28
b52dcfa52,89
a97dcebf1,15
35946cce9,75
a0277cf50,53
0d613de49,80
353bf092d,102
4f363e9db,48
8a566296b,103
01492b421,41
b1296679d,10
26b8d61ab,93
0124e277f,75
57f357144,64
4bfdf517d,21
d5bb1b0c8,103
793a50bcd,9
466f28358,4
f84335116,73
2a0404164,45
234f9781c,0
9e3425ede,7
743c74763,67
3dee899f2,70
dc370d0dd,10
fb9520cef,102
3052916cc,8
25db0cefa,57
237fe1fb0,45
6bb4e9d41,26
f0f03b04d,79
e8c49e13f,47
3085e18eb,24
b4d954bdc,30
ce5f6dcef,77
2abdb1c5c,49
b022bab0f,7
57c754d1c,68
533d4492a,7
009b39e15,32
e8612373e,40
250f30059,53
80c048cf1,51
cb5c98667,49
a8740586a,102
1a7463151,10
38fdf8c81,77
ea7342d9a,4
37822e7db,49
4c4caa583,91
fc7c304b6,62
c67446d52,103
d97f377fe,81
20a48922b,53
559dc9594,72
90452c872,0
ca96ff636,82
ad9a77e7d,103
c144ae440,93
58dc520a5,73
50a1849f4,86
5a68d7893,80
4250ed062,71
f4c6d5b0d,103
c83f746ac,53
5d23a793d,10
fd168583e,103
f20ae4712,56
58ff8f465,37
202a8996e,103
4d9a5c0d6,53
c3b24720b,47
e48737634,52
5e802f360,70
386e40044,49
44a477145,102
f0ca69363,22
39ceb1ff2,0
5b313549c,97
e2cb25f6e,46
f8221646b,77
a8331323f,29
6cd161345,4
d9f3637bf,43
165766e9b,89
49e871eee,52
dd1e506e4,93
146463828,23
6182a0538,13
b4aa13520,52
301054988,75
5ff57970a,74
8c8ffc7cf,30
316c28a80,54
d6a1ca6e7,63
7371defc6,67
ad2e27bb5,14
754cd2605,75
485a5ca01,4
7dbc5a9f3,18
6dbeff852,102
72337a91e,78
0e8760c38,88
5252bf766,4
2e3fc37e5,13
0ec8c4296,16
e00aa2535,103
18ca651a1,39
fe590ee52,4
410d24f09,0
4f037af7f,48
bb0e5dbe4,41
f696ea622,10
41beb5c12,81
6285f24d7,73
f3e315051,53
689a0fbd7,99
99be4bfbc,48
dbe581aa8,68
6291210cd,14
0a4ddf5c2,31
6cf753c72,50
8794f7787,90
c0f55d16e,9
707ccc2fb,3
3e0dee547,102
13330e605,53
358e5478e,55
26a9dc162,74
9bf7190d6,86
6fcd677ac,49
f0b002c23,4
94cf9944d,4
e0c7c20d8,4
6bcb5a502,4
78f5768d9,48
2adebc1b3,103
7827a1d5b,81
adacc3a94,40
d6694bd34,91
9dc89dc6a,73
2d0fa50dd,50
82df3c1b6,49
811add27f,14
74f238044,70
58605ff84,102
f7f17ae72,78
ed43b8e78,73
4cbdaf60c,48
007d156b7,10
3e4825fb2,4
c2a426d70,57
0db15a736,59
c5fda34e8,74
e3e51f37a,67
1c1daa6da,4
07550addf,103
744730d4a,67
206b27d1a,103
457ef8195,103
09ddc01cb,68
dde1f48c9,67
fbc29acc1,13
21b24a7fd,102
60711fbc1,79
ad34c1f34,73
72c2a5cb0,4
d4610121f,91
27a95ef27,24
74fdf6cc8,94
78d30a479,40
fb4b0daa2,61
97f545d6b,48
68caf79b9,94
eec53fb8d,12
a7046c744,103
9eac41e56,87
88d1747a0,4
5633f1101,67
0b624f751,4
68f48e5f5,81
4e9ed92fe,50
624d36ae0,39
85934f1fd,53
abd425a9c,103
7fd945d34,5
b1f3717dc,62
a8f945820,77
54281d31a,67
600bcfc2b,0
82fdb1afd,103
d97675b32,48
29bd0c56d,46
d53eb8a52,54
5a543e058,46
0d0202522,82
f789af170,49
c127de43c,52
526449d16,71
e91cb4f98,72
8a89d3315,47
5da2bfc47,40
299e1957c,91
ab3210eac,67
7b9220d4c,4
377b22380,21
81aae2d9e,25
b87d8fec4,30
df723f46d,71
e14129a0d,49
dc2cac36b,62
461f4f5b2,53
c9c069119,4
f14b84f95,5
0d5f19588,89
72b3fdfe8,43
a9b1f63d0,12
5762da038,83
15b77ba34,67
5a2fb5300,6
9b1d44428,10
6823dfca4,4
e826a5f20,56
4d8731d6a,16
be82bd09f,74
240684145,21
f78d35dfd,4
852b5fb74,75
7d2cabb96,30
cd703e25f,48
d9004decd,68
b94381f7b,48
777ef8066,5
8f215711b,4
7273b1c6e,43
f250dd64e,42
8d6c7ae91,68
084919197,4
33fd32684,14
87c39a44d,17
5ecc1c8bc,74
218676c6c,102
3b39970a2,91
0cb8a264e,50
fb8d27d87,8
0d9ca96d7,19
4bc218fab,18
8523c7858,94
f90aea0fd,41
527da06dd,52
b2d489e27,73
46002f8b4,69
8a7b93f64,49
c2bc296b9,75
26806e9cf,12
a80f444a2,4
d6f707315,72
6ff58f465,12
bd9cf6b4e,4
c6492c817,99
cb297624d,102
715ed2e29,40
6d789c449,79
f29fbbe61,48
6db87048e,48
02040055f,14
61da47774,71
c71b3e27d,103
e6609d48b,50
2688859c7,87
274f4bd2e,87
2e4395110,50
f4672d1aa,81
dd959de66,50
b5860475f,68
7fdb7247e,73
94693762f,67
f5ce3d423,71
ed219c7f8,103
8a4293e72,102
7271d34ab,73
c9cb86f46,4
bfdf112fe,4
e1177c121,81
cecc8c55b,4
17ec6d74f,56
9c54f2285,48
4df899e46,40
64a27fd4c,48
228f748d6,14
df5a78c3d,67
3149540a2,30
977a23c97,79
3b197ec5c,22
e33bff353,21
854ca7f47,26
7ba1904a2,100
affce3819,0
24be941cd,51
4fd5cd91f,68
408fc944b,48
15c5a0a46,13
38ea80b60,50
5a5e8deec,88
06ebbb560,64
31323febb,48
1c92e2b89,39
657464c72,49
08a1c14db,10
910b97274,65
01337a0cf,73
56f6e9dca,12
3271ed094,4
2f4739680,4
87b9d4bb4,102
a038cdfb1,1
5b9de4b19,13
db9eca137,4
ed8f1770c,102
6abf7f144,53
0a7989f52,103
bf3116d78,103
2a94eba93,39
b364e8688,24
274009fa1,91
bff69770d,72
65ad58f26,103
0523c9801,9
5bc1ab931,67
fd2bd5f1e,52
e95f725f6,60
b4405e586,67
b23e435d9,72
135359fe2,67
e774787e4,50
264d83a6c,0
319a4d6d7,36
723403f38,14
ef761a150,49
1d73dffbc,75
1fda84008,4
45162353e,102
4bf7df629,102
b1d61c023,10
9a302252a,78
25405d6c9,0
ad82b1ba6,41
df89c0568,31
ea8dfdeb3,53
892426d11,102
58a01b39d,14
2d611a037,48
cf1ad8706,52
d60582d88,59
b319ff6ce,102
339430425,91
eb0a53a24,83
67ec88f39,102
06006e0c9,77
37997c432,49
fab2df372,93
cab155898,96
a73efac60,80
0fdf5073b,80
8e612d36a,102
6b227f122,53
c6ce2c1ae,22
3496823c5,4
535695fe2,27
4f06ca2cd,14
a6dbbc248,103
5b3739564,67
ef9591f3f,93
8d8da7a3e,4
e44a6c4d1,57
07ce81250,21
ee2b50aed,102
0b3a02b48,58
2f0b8155a,103
f92de8523,46
492cb82ee,95
6f2bccdac,47
a1ecb0622,0
906121480,16
f9618eb56,50
98ecbe0b3,49
c78e06bc9,37
d2b357573,73
e80ddeb7a,49
da83fb069,102
b2b4ffcd2,75
392d70bc1,69
0401b69cc,47
99c05f8d5,80
40bf06f20,73
501117624,10
e1b63aee0,74
74bb3e711,14
b25179fca,102
92e74b080,77
308dc8750,12
4d1ef02af,72
2ad78f9c2,83
042c90107,45
2f0224a9f,47
93100914a,95
0c8b4c597,102
7a0cfe114,54
fbbd35173,102
9ec15c151,48
6f4179bbe,82
4e6d9fad8,77
4e686a694,48
083c5dcc2,49
98e5cf2d2,88
2688f98e3,66
6a414839c,10
da2d9bde4,52
e646d3124,49
178290233,59
497a53f79,14
87a338501,4
62a410cbb,13
534b7cc36,7
f41d18e37,103
147e5ef99,75
1c435d13c,53
624d13949,10
956392eb6,49
14ad22971,8
27eb5a7ee,52
bfd66b238,8
9dcdd11ed,4
f437c8815,102
a8a7882c3,96
4565dbe4c,18
161a7d556,27
b57f67883,13
8cb3a6ba1,69
9a1c7e11a,30
f5277593f,70
44c94e8b0,75
22324cd72,48
360538bb1,4
91b98c869,102
dd4a193be,103
67714a8d8,94
60a51b6b7,80
af70c8cc6,90
650d157b1,103
366a3d04f,57
a6e0df6f5,22
a8efc4d66,49
7077a94ce,102
3accec78a,67
48490759b,53
a622a8c05,103
08271595e,73
0053fa6c4,4
05dc093b8,27
eec3f5ce2,47
2cccd8e5e,102
c49cb046d,88
f2586d647,19
9aa0562f3,91
4d761f97e,57
42ce82871,52
f97785498,21
98dba17d5,40
4994522d9,50
57cd097ae,80
31dae2136,67
96f729725,13
b14b95e77,88
81c8c5199,40
b2104558a,50
220b46a44,67
5ced5d4a8,49
7a90903de,67
60ba7e522,83
c3c4ea291,10
014bc73f0,48
23e50dcaf,49
95a6fdac6,103
a5988f75e,20
9843c53a6,38
a86d3684a,72
04a9517b0,56
eefdd0431,1
08516fa85,67
1951c5fbe,5
12b48d46f,29
4c9f8b6cb,22
3b71397a9,48
ab218ac50,48
c0f132f35,49
e34772216,102
2fa8f8b85,62
fe737e3b1,96
6308fe124,66
a4541b8d1,45
aa12729de,45
43fdb00da,78
cb3ffeb02,62
63de51e03,74
337c0f7d7,102
88e6ef51c,5
049402ee8,48
7457a241f,55
05e218a53,47
65bc00f77,30
00f9d0e97,36
061e6510e,50
f41acf49a,58
45e6036ff,67
2b95366a8,96
776074cae,67
2deaeb284,73
b1ab363dd,49
d0e21eef7,103
ee2886544,103
ef0ffb5dc,16
7e512d140,47
a7d9f1cdf,103
b9231d9bd,47
101970f4e,49
e0b80caf4,68
ca0113f84,14
7bc968caf,75
4181595b9,12
f90c673f8,47
9935f0510,74
5f15c8bd6,69
62822763a,102
e237880ca,4
7c3055bc8,0
9debacefe,48
b840c68bc,102
c34f2139f,80
ca9f22cc1,43
d0570b30f,13
ab99925c9,96
bd2e8c9b0,103
b3d9e6b6c,71
07283a3e1,56
7fdb2b868,101
c3ae73094,49
795083f79,4
9d13c547a,91
1c4a00029,24
6f509e3dd,103
05c9fcf03,40
80acbf30b,4
5cd55d54a,81
4a2dd1c8f,69
c429543bc,22
1d73e26e9,17
5586807d4,67
b8e0b2ee2,67
2184fa6f2,73
2d8c06a3a,52
06ad3fc5c,103
529e8c1cc,20
71aafc964,67
5940f63c4,67
656cc827c,50
b983a51bd,82
4fe65e8ba,36
92e7e630f,91
0bfb74564,0
05a32258d,10
688223573,4
7b1773554,18
683ad13b4,70
75001ddea,73
2861b1d79,71
f3d6a27d5,4
e56f9fd6f,67
8cf4b952c,0
18377be3f,73
7f7c6d039,14
ce06ee7c4,10
6a0b33f79,49
9a2fc15d3,4
470697d01,79
700fe6ff1,8
adca067b9,67
d7d866216,4
71a787fb9,0
b63ea2bf3,73
333b45bf1,57
6a881ec8b,29
bea75c9d9,53
bce577229,90
49292d94c,4
5aafe07bf,70
dd754aab9,90
e8d193a43,91
4955fcb53,57
38c7f43d6,4
a2f66236c,67
6f845c04e,67
7e3809573,73
a3d606459,0
011d32580,29
b15603bdf,39
2c69b633a,51
0df8316cc,73
358530103,4
63348128c,10
30e9b5b6a,75
35bb514f0,41
35396fb82,4
4b781211f,67
577a972a4,49
51493dac7,28
7e4a5d836,103
5a0aa798c,63
ed4b21055,50
f2d476916,102
e3ce14f38,68
c615baaa2,4
32a2079ff,49
ee652c6dc,80
5ff30ec8b,73
f07838a9e,24
cac40db60,91
0b9841d58,53
9d9654afd,4
d0bb3317d,13
289e5b823,71
1b0d7769d,68
217fbb923,67
3bf2347ab,4
93cdaddc1,90
80468179b,53
45271b9c5,50
c33ac1a9e,22
26bfb56fa,47
4a122e0ad,94
02e2f1ca6,103
940485a6a,47
778c53136,12
ac7c6ce37,102
a0faa7276,73
f616c93fb,78
c4c78dc65,53
daa970cd3,67
dc7a50dab,48
d90cad151,67
3dba2c4ed,46
0de25d05e,81
d93bfff1d,36
87de4333d,52
5745b1abc,81
babf57037,102
797ae6066,82
0a159c5f5,73
d9a8f22b3,67
664e5c977,5
d5628d4df,29
5b45e7a4c,94
494e86d83,4
905ed2774,10
801d0d3c3,15
3744d58d1,56
ee559b5b0,0
b145fd2da,30
9643a628b,40
9804741b6,48
ebc4dfd8f,8
ad6d4b44d,102
63655033a,67
5536e05ee,74
c1c4b2105,80
05ad9d40c,53
3c87fdc0f,91
3eee745a9,73
5f813832d,0
e96b3436b,13
698eea745,7
68b83ad56,48
9e31cbe3b,72
bf679c82f,47
60c40b083,75
a9c8ee568,2
a13beee25,0
a567d4a59,67
6899ceaca,45
648319d0a,53
2461915f8,8
d4ac640c0,103
4171d3272,93
c164f8571,67
00ff2c720,67
cdedc9d47,67
3cd423fb6,67
2a0eb44d2,57
c27d7bff9,4
cc9db3d3f,73
675e1db7e,7
462eb88e2,76
4cb8ab033,14
f33705a47,67
764a3885f,13
0551c57d5,72
5a33b53eb,48
6ab138316,67
7a552ca1c,68
7aa990232,45
d3be0d35d,79
d9111ad4b,63
03ac6694b,29
86f4d84a8,69
46f943627,49
3aafc89b3,10
dfc4c6de0,46
dcdf04ae1,4
28bab70cd,49
9a55c6f1b,2
e1bcbc106,73
10950efeb,62
07b2fe99c,48
fe1fcc972,4
1d8f28be5,24
40ebc99bd,77
77a43b493,92
8d2b32b02,81
4d14ae692,98
e2480f460,67
c293ccc31,48
288510b49,67
8c434769b,102
d325e5d76,103
68b41d014,50
bca706d7b,67
f35bfd300,68
62a7c181d,58
33948db2d,4
c83825f6f,49
69239f8e7,49
a7857a9be,8
903bde9b1,48
46656822b,49
d1b715fc8,4
a473f26bc,102
c9e27d0e3,36
d185711fc,70
d37745aae,74
8507d1b5e,67
a99ec466c,45
54cebd37f,23
870b7fc50,14
d4f750507,49
f95b41656,45
5b8f09d2d,78
23a1a3753,13
26c144947,103
f58d7487e,8
51c386b65,10
f0efb6c04,50
5a74ce4ab,90
69a8e84ba,75
45c11697c,4
54b444711,102
75eca83b3,103
edad0d3ee,89
9ed93a956,56
4daec49fc,17
78be4d100,10
124e119b4,102
63d16d8d7,49
d615fd16c,68
c2300272e,103
94c8329af,4
de847e487,53
5da84086e,53
5de25f69a,31
e576b00a5,4
4c1941cfc,81
5d0017929,13
a6c8a28d6,100
14a69e3ad,67
49f972c08,4
667c3c161,48
ef9f75d12,4
bd6862590,49
7dce481dd,39
a0b262e40,48
13c92db23,48
ca1cef6bb,49
da6606b4f,78
f2702f681,51
f2d41d6c3,102
08263abdb,47
654ee7e46,4
4b648670f,67
679f0dac7,98
4f1f1670a,73
123a13515,72
a84815a9f,100
5c1b0f7ce,53
4d0ffe92c,52
c832cf426,73
1b6242f80,48
9121b3849,75
afe1e4f66,28
71ee25b79,103
5892ebde8,57
dacefb140,103
665bfe8f5,67
ecf4c1f5a,67
4c4c216fb,4
757541c30,36
4abe117e7,86
1f7554862,49
e08032ac1,61
839922a66,8
5fccfc9b5,81
270611007,79
39e73d88c,103
065817704,83
d1993c898,70
24aae97eb,50
211c90566,49
b8bc9b3b2,4
362fbf850,96
4925bf95f,45
ab0af1000,91
7a5dfb158,16
374c54182,8
8f01b1034,64
587e44cea,67
cd15074d2,13
94da0ee7f,103
a22110e6d,93
f6820c410,18
4bd6a1f9a,73
5e0cdf39d,14
e7571886a,82
6bd4a7ab4,39
c2d8b52f0,49
df88a9d81,41
d814f470b,53
30e68f7e7,91
f1177451e,14
b339d0a61,97
e730f38fa,29
0c705e746,12
98033c300,99
68b3481c2,48
89c19cf37,65
e60d19647,4
0cea1df9c,73
4ac812558,8
3b9e7a8f5,13
6c9aa2460,18
725cc0c4a,94
2fc266682,45
47aa985a8,49
317c8b0f1,75
8e5430d77,53
776fe6e63,102
746f3dd2b,47
fc8af9bd9,57
cb697da69,94
ade6312b1,103
eb5ed44cb,67
13ae95d53,49
99c14d554,87
377c89e04,48
b0c7165ba,68
894954440,4
81cabee91,72
10c4c8d44,50
87a93b8d6,20
00856dfa9,92
e32696dd7,67
7db72601e,103
6c269a2b9,8
af5e2bbd4,77
7d6a2ef07,62
4bf799dba,103
3bccc9014,56
75540546f,67
5a80d4beb,45
3eb77db12,83
345f66bc8,36
50f72bf43,22
720920606,37
71cc05cc3,12
aca9ab734,103
9ba782fba,103
fb2b2e956,53
7949b71c3,10
8c6fd0ec8,53
d94097494,103
af2a02abc,49
6d984df89,19
b64ae4e8c,53
ccf2ec80c,41
c1553af6a,71
fe0e1d7c2,43
18d41400e,94
8988c222e,17
bb0b0e551,67
1972bae11,72
4fde9d58f,11
eed32e9a6,17
4dde25dfa,10
f0a66df4c,102
207684fb9,68
ff5892e0a,67
ac937c18b,21
8fe181d94,20
33096a299,91
a3160e2c1,4
4383d6782,48
fe6991e3d,91
613831ee6,102
303979023,10
b5cc43bfa,49
42b92a427,60
1d88115ad,73
6a63a8764,93
89f46bec2,73
653ee9b0b,46
e3c7bb70c,28
58ff9dbee,48
2178a407e,4
be2773579,49
b2684281f,29
5d3cac88b,0
4078e0b39,49
321437b6c,80
3987e3d8c,16
09ebedf6a,67
4b7b43b7a,86
f353716f8,29
c7b1fd88a,0
396d20b5d,7
472c84cce,53
288d4365e,4
27ba808dd,47
7b1267e49,49
36a261537,44
38f3a40a5,45
1c4ad0e13,13
666d25d39,74
6251c33ea,75
b7af85f6e,85
3dc7bb76a,53
1aa8492a8,103
4948e3ecd,67
826712f91,103
bc8917394,73
71525c500,72
5a00bf031,68
026d342fe,48
d2277f8e6,10
dca3a0787,0
a6e627c10,49
73f18defc,45
f09cc7902,13
0c548045a,32
a5c3359e5,103
b39cc3832,87
5bae6010f,80
a1cce28af,53
cd053695f,20
282419eda,22
059ea5059,73
6f84aa228,13
6b132a6ca,78
f6482ab55,53
967c6bf80,27
903ae9a2b,48
8cc1fc2f6,4
5464a7e4b,81
b33fe8ed7,14
7d2f35248,73
548a35991,76
54cd18535,102
35a08a010,13
450d37a38,58
9a513b251,86
fef98a71f,81
6cbca5559,95
8a48a97f2,68
3505d54bf,45
14453eb64,74
e5bc365d0,19
3224015a6,64
c223fc7dd,87
f50280136,45
8a693ad10,48
7b566ed00,45
878e5d725,49
132ebe116,23
eda07476f,51
f421c6ffc,79
347c449c8,53
de261e169,7
1b54ef9a0,64
0a73725b6,72
2d8716e8b,67
5771f876a,82
db8b6aeda,22
0d3269c35,30
fb223c3be,90
1baa33eaf,73
0fa462f68,67
fd34d7c8b,30
8afe59d10,103
5b1892dfb,75
fbfd9cd87,73
e611f94be,91
f2809517f,67
eae09f119,88
9e9f2f914,7
477aa8655,67
3267460df,49
a6db0754e,73
f096291b7,46
38331a6e7,57
965dfff6a,67
f80c8bbf5,48
2772dab8f,70
69e822cce,67
500c28291,73
2a872a9ef,75
36a638215,21
b3541d83a,4
af4873fe3,67
d169dad5d,11
329d815e5,82
d16d34784,53
0e6cad3b3,41
1984a614c,23
11300f71f,48
f347c4666,73
9732ad4dc,49
f0c153cfd,67
9e07d0aad,8
65d14bd99,46
398744450,49
2ccf28e9f,53
59265d2fa,102
5bcf739c3,88
3f315b0cc,67
dbff9bca9,77
943eef63e,49
a73af3677,67
3cbacf373,48
84fece524,80
13166036e,50
bbc846996,88
e722a8f86,33
3db6ed179,8
7be2867e1,24
e1a0d5f24,25
150643baf,4
1d1f028b2,72
20e16a0b1,97
7d9caf815,74
07f8cc8ca,49
ae6e725ee,69
768bf1fe7,91
c46b163d8,102
38b929b8d,49
afac3a5b7,2
9824cd034,4
de882d4e8,0
fa53d140b,49
1f3e62b48,49
9ce1a30b6,4
eeeb6b66a,52
74973ce69,103
4b4d2a0b9,67
0d989f57f,14
38faa7eb9,9
f83f81e9c,49
c4970c739,8
a16bdddf1,92
5de6bcf29,13
26a59215c,4
9428dd133,9
7247cc6b3,39
400353bac,67
cefe64b4f,9
bc199fa70,73
e69fde9d7,73
1394e9ef2,67
3b59b7879,52
dbff359cb,4
ba4caa600,14
4dbc5fc3c,99
e9564dc47,103
9faca65ce,24
348bfc268,19
79686d60a,1
e1494fbde,67
0510cce3f,95
6afc9ee54,23
598a1c3d9,82
c36c6ab5a,72
8e1e85931,48
3c4dd2705,49
996a4ac53,49
328aba75f,10
216703083,60
65ad21fda,14
408b2d234,67
c07cac3dd,25
46290bd98,103
1fe3921d9,73
6009ca42c,53
894eeb28d,73
2c009b580,4
22cef13f0,93
eb09ff6cb,103
4f49753d3,4
5ba637a6f,53
3ca2ee97f,67
842297200,52
e3efeee68,102
2b7cf3253,30
092187ff7,13
7d6edd6f1,40
dde25205a,53
c2fe4e836,50
da2d31c98,48
29026b0a6,46
171d91683,55
1b4beb2ee,80
648d6e1c9,53
8daf31854,67
1cb8e917f,0
527fe834f,75
75ef86e19,82
58ede4d43,87
f61465618,73
69dcb9a3b,13
88f6fd6e4,103
111223138,41
486ddc6d6,4
e41a75354,53
d2a45014c,53
245d80d97,59
bed5e7833,16
b137658ab,13
cc055150c,24
65d4e9994,43
20aea9077,78
31fd82f08,12
6581fb5fb,103
d14992eb2,67
c0fb3bed8,53
35dbda91b,73
54c0482ce,67
2c4213574,47
94e8795c1,4
61f976a63,102
ce17d08ea,103
3469925a7,0
9d624affc,13
587e9b784,49
73d138dbe,49
3a29db605,48
0509887de,102
8816f311a,4
c5f4134e0,95
4b8fe9f3f,74
7b38f9919,75
2cf137648,70
003882deb,73
9d8d14332,24
faa0dd647,41
14be34092,90
e3beb7e77,101
3d7e6922e,102
e8746af68,49
36be47274,75
6ab2a7198,48
d83b8cc1f,67
ad85435d5,13
22adafc7d,4
0d7c08885,79
15a4485d5,57
55b323b0c,4
b651d313e,71
c0654d4f5,8
8b8836103,22
db65aac8a,96
8f9a206cd,73
fb41fa092,73
4dfdf7a8c,103
8cf5bf4df,45
27391414f,47
f3a75828c,91
7a8a88b42,29
861f2c9c1,103
04f9e9721,4
4fd8099de,76
95f9e2bd3,70
473db5fc1,0
6fe85feee,28
0315a723c,81
3b3341edb,10
ed91bd814,4
54f09b0b4,76
462e25ba9,67
9e4d41ad4,73
0f25f79f8,103
b3b55322c,75
d1eebfd7a,14
e72d6bcc9,86
e94327a54,73
fae67c6fb,93
f80b1c8c1,87
abf7ceca6,103
4a5d43a96,67
6f03f9497,10
a8b29edd7,103
483a8e2d8,7
1b3705cfe,78
0d8d7ecde,75
7a6ba7fc8,91
706729fd6,8
c162978be,13
b4a235b93,66
d43d8c9d8,102
15ec03f5e,98
c8f0b4717,79
317b22963,68
50fcaf0ed,14
bcbb5c787,42
98fae1d61,73
1e73b74aa,103
ef65f22fb,72
5d06b5c76,47
57a2e8995,5
7eaff7aff,76
0087eeefc,71
692cfa850,98
ec40512de,4
bd612f053,4
7927ce9c6,68
e1d159561,71
9942a5424,10
8b11c130a,4
5b646246a,95
be3873f5d,53
850acae7e,73
ed55919e7,49
2f460d807,29
2b8f0ac5d,0
088864629,76
707178bf0,46
eee191638,13
53c6c23b1,48
a67c5bc5b,10
600f01e91,103
5e0da2b1f,74
8b15247f7,81
bbf51ba25,7
aeaf5ccbb,67
fe75697b0,0
c1ed4ef6e,68
9b9e080c5,71
92cf0e905,13
eda9f61b8,43
cbe14bd98,12
7b151e3d1,47
d8076fc39,95
00c12e4ff,30
ba757db32,69
ed601a04f,80
d123bd691,50
57ca642dd,62
a7eb19305,77
4c742de40,102
824eae734,72
0e3f76f4b,99
15ca2c59d,13
1eb8876a9,47
649dd8ff0,76
813efb8b3,4
4cf202ebb,81
5078ff4b8,81
20563ebbc,8
ba32fd161,75
a40c5b66d,99
11b363237,44
b04f7be54,73
07aad3ba6,103
f5c310736,22
fba0bb7e1,14
03e5f5846,95
c8c88493b,103
0b8824c7a,54
e8993867e,4
1f937e111,56
e210dc4ed,68
0bc95b595,103
6e7b8fa3b,73
28dd39f92,0
5ce48d24d,71
161acbde6,4
25faa6813,15
298cf5bb5,73
d3ba42b8a,49
808071b96,77
a68584f39,23
7dcf1e590,100
0bb9c3f30,99
da9ed562f,67
d0cc62751,4
9c1fca4fe,24
bcde05c42,75
1fa3035ed,81
a991b14c8,14
ae78a372a,4
e82bb0f6b,21
dc0f9b59d,9
f56efef52,72
f029a3429,49
329793680,47
72b64a25f,4
cb26ab8e1,0
f3ee3f7ef,53
d5c5cde4d,64
5228fb3fa,63
43975ba66,40
0a825b67a,4
5c8d0266e,48
a66f7bbc6,103
cac4474ff,4
fbfd88b1c,58
0d9e342f6,7
7eba030d5,10
973172c57,50
7223d356c,88
f7034380f,28
c1c26f4ec,68
ddd367d19,67
d69c942d9,102
d55497abb,13
30d9b6204,13
7b7cce651,55
a8b46288f,48
2449b5518,53
f6ec8db9e,102
f557afe91,53
f7ad645eb,48
33d008671,4
931cd1858,48
9caf3507d,14
f36c00407,81
08b4c02fe,67
27e7900b8,77
02c52b451,49
be06b31f4,40
7ae791f04,75
d5888b919,53
68cd38577,78
d51f2e142,36
240e151af,30
eaa6a3f7f,49
b65acd50b,48
61b1040d7,14
cb4330abd,81
35aa8898b,88
a167a159e,24
f98f94bac,53
5e5acfa07,41
26d1c3498,72
092be0405,102
abcdf9705,28
840f3bd46,77
2acaabdf6,4
c298d16b3,75
3288217e1,80
6550b53ba,90
1beb08caf,102
0d0b4631c,40
fd7cd952e,73
8b5155f07,20
edc3e9332,79
e8636b839,39
f40dffb83,14
d9bc877f9,49
9ec91d6b5,94
86c0fdb4c,19
6233d3e01,8
98077910f,49
1ca8e07c2,41
a2d9d460e,77
37a4efb7a,102
789f0394a,54
d1b0f75fc,10
23620cfdf,0
22cecb30b,29
029c37998,4
d0bd30dd2,83
a1e81894c,80
2d1ee50cd,40
d19fb376e,89
7796dda43,0
55a2149cb,81
1446df348,75
4d0d04ec2,67
8c7c3dbb2,59
6a29fea52,5
bf4c39972,90
3510270ee,48
5e56f69f6,103
8a904fdea,93
74c97189e,10
cb8786391,42
6e7629a9b,100
d4bfe24fb,37
a6e295583,93
fb61eca01,21
805e9a7b0,10
98320c076,87
9de211ea5,103
075602d66,67
4a14dd513,70
b8e1080ce,0
688759258,67
50f97c747,75
5235c6c53,48
e1e5687f0,50
6baede1f3,0
dc5ba9ff5,103
e67454090,10
ac79edae6,98
8ef339ee7,53
268c2e415,13
77f19a3b9,73
adad9bef9,48
04e0d362e,48
8eff39ec2,96
e4cac2e07,52
32c22cba6,4
a05c1a9e2,11
29a02c757,103
0b1605a22,67
3127f8637,72
f509e2cff,24
a853842c0,102
4ed9720ea,78
516ef6822,67
f01658320,81
275952360,0
f68529efb,103
6f50f7647,36
4249b8e73,14
b909de36d,56
a9a93e3a0,4
9390e29ac,87
6d8ba2cf9,67
3f39dac7f,11
b796fe951,11
dfd66382a,4
582dd5eb1,55
345b6fc68,103
bc62cedd8,8
bc45792c0,9
9d051fef4,4
582a4afd0,4
9c73592f0,4
eb0d37eab,14
478fd662e,52
9aea1d3b4,43
d5e4303b9,49
ef68e319a,73
74cb419cb,13
8d729fb61,19
39090147b,102
0dac4246a,75
a6ec0a798,50
bcd77e220,4
27178e6d0,67
3655fe917,89
c8349d602,49
2ae7f866e,68
4aea86d3c,96
2a9af9154,69
5f8f53f23,24
20079ffd6,67
0835292c7,5
69930f05d,0
fb745f800,13
52178db26,70
7a2a38d8f,91
2ae85b034,102
dda771b4a,47
343f4db58,79
39c56af7c,73
7fc99345f,0
7db7456c8,51
2f57d711b,97
165ca8a81,103
958e9761b,68
97beecd94,96
9fe8be4ac,13
c82045295,73
2ad779d27,97
16e29883d,10
6dbf25622,81
f2a97a3bf,51
7c3e5c00d,82
aff590876,48
645e0448d,76
a6105941f,16
c8ff3649a,13
1344e985d,4
05bd91dd4,4
d3ad608e8,4
e3b9acc43,75
e15365337,67
35faa30eb,80
a5eab308b,73
192bbbbda,10
eed18198c,4
467a87b6e,30
b80ea5db7,8
d702d0c15,94
5b9059868,50
cd009e1a0,103
006afe0ef,77
416b038b2,0
d3ccdf536,67
30bfe5b05,59
cca529347,84
027ff9d9e,45
92d447000,30
3a01c3e88,61
0847f61d9,10
a114ff305,71
5f22d82a2,103
487fc089f,25
3231b476a,62
5e5672257,53
93efa8927,32
6d75535dd,7
ca875ed6d,26
88f935ebe,48
4e43a75b1,28
19b1f6ed1,67
f85f090f3,45
a425fc6a7,76
7d825a631,102
06846ff3d,103
609230590,67
a9f3ec5aa,28
2e211accd,40
1ac744f9f,73
1559449c3,67
0208143a9,78
ea72034f5,102
6d00d0707,4
c38884c9c,7
661e5ee1c,49
74c86dc94,13
437e2a9cf,71
012f05d4c,79
7b63ffb33,10
a235500d0,93
db4a05f64,102
87ad47626,41
5ccc5c940,102
15bcf0bc5,101
89085d10b,12
d57064ac3,99
54eb01070,53
a02dbf1a3,67
9fab84e7c,4
bce769fa0,102
868f3ca31,46
2afecec3c,86
9d65f5961,103
1914b6245,9
6fd250f15,51
b41fe0aae,103
ca2cc5375,102
9db76cdc8,102
aa6a116bf,62
e2ef28251,47
a546be8e9,53
8735b4ed7,103
b70a1ef51,48
c86b6ee78,103
3a456593e,67
297d94118,45
ae3a8a68d,21
d01f39daf,75
4f02105f5,91
0de5f6578,49
40c67cca4,82
6e0843d38,81
e6c7eecab,6
b9a6f2dab,4
352d983b1,29
0f58c281a,4
ec15f805f,68
1161f79f4,98
22207b7e5,87
e8a5b6337,67
23f960bbc,82
cb05fa534,103
1eb6f22d5,48
27c74d8a8,85
5fed86a73,94
5aeca7ba2,47
4fe780b27,53
154f5a75b,67
4b69e4daa,78
15442a507,0
c67210c70,24
f563b8f1b,103
2a5d624ae,103
8d4ecada4,25
26b07058c,4
39a628cff,65
fee2ad37f,29
c511b01f1,71
5bdd76ad6,67
8c026ccfa,67
ab473d0fb,71
7ea4fd1e7,49
539e41e9d,102
d2dc27a1c,13
90db97153,14
02821f581,79
47e7d602c,14
6f6009530,103
48b580700,48
92d56d30f,86
8b4182aa1,96
946f97527,103
93e1b1b57,77
c25141a41,78
3b6e2c5c2,95
7ce82e1a4,95
52491f753,12
b1fd7a2a2,59
0a5f90dd1,10
b45b3f474,102
cdcb45570,51
1ef078208,0
a645ada8e,83
c16dd6692,68
675aad8ff,36
a81b149d6,73
be2c310d5,91
39902d722,73
9ca5d93d0,39
6ea1e9ac0,70
29d710a29,62
dce29c03a,67
8fc8e6925,48
f66e3a446,5
aa063d915,5
27753debd,14
485e088fd,53
41eb38ad4,0
ddb84d9ab,43
75bb87271,62
4b4223c92,83
0fd1b5059,80
8e96d5481,51
58df72bc0,67
7b38952f6,0
339153138,80
c36b30d62,41
c359190d8,4
c6baa2b95,103
abaee2413,48
e00cdee28,24
1749a6a95,8
71d39517b,4
12fdb3200,4
1770a3955,73
4c4a8848a,13
3088361cd,0
77628c813,83
b507ebc7c,81
2ce2f09d3,74
1153cf999,82
2c3a35bfd,88
cb1fa5404,13
aec05dfaf,10
e87c94e9b,93
a6672b875,81
5a5fbb94d,91
b466a17e8,67
c571990d4,73
a8c934e35,102
52592a2ab,75
789e0279f,67
f8d2fe6e2,0
b5ac11272,93
79245d0e9,48
ae5333fa6,73
76c56dda7,102
f1b51e257,10
dd7f0f72d,48
c39bb3b9f,48
c624f43f9,4
505515f6b,5
0e5ddc603,33
140c059f2,0
18e22af9d,67
929ac8834,102
94c53b0c3,88
40daf3243,67
a2d7f197c,53
25b587ccf,24
e0f242a92,29
8f029f975,48
c77c99cfa,103
4e3b3b3cd,4
5bd9a3483,28
828abe04c,59
3e7922328,51
baf415f07,67
4e8b618c7,10
149d11de6,45
7cac453ad,68
a3fdd2210,102
9fe3b171a,62
138275e36,30
d18ee118e,103
e9a190503,89
16c7a397f,96
76ad6cdd7,9
5eb156e33,50
d6fba1863,67
b9fb3d0cb,48
6326ba8d9,4
334118e8f,103
a9a679316,49
a007c4ce7,7
c2a78ef27,93
8ca2371d5,49
92025e489,51
c8b1673ca,67
100c6474a,73
8b85ecabc,74
7c2f23622,74
edc4d0f73,43
6aa4095a3,47
0a399baa5,90
2b71757d7,4
6201345ad,37
9b8caede3,73
8e70982a4,83
e958b63e2,87
42dc18525,102
bbce1172c,24
ce2335977,39
6a22f0ccf,88
742ca771a,8
d007caae7,75
79c44e828,52
9360afb8b,103
da0416b3b,57
14024c433,102
79a025018,88
d2ce72fe0,89
83a004123,90
f8eb6ec7c,102
657a2302f,46
bfcedb4e7,49
1e91a06c4,91
501396f2e,67
d77fa0d2f,4
832bbc430,70
0fdb2e372,8
bc2795b7c,50
c63f5d38c,4
9db94c1aa,73
43ccfd5e2,67
b4f324422,93
564305f6f,11
67e65b379,102
dbe5bf31d,16
b382fd54c,18
75d3452c1,67
046b83571,78
ae2864464,39
27c66fcb0,88
8a361b630,41
29040ce6b,75
79bf0f076,61
2e36d4f93,67
4d41db87f,73
423c62bbd,97
c337a455d,80
1d1b18d38,75
500ac8bc6,103
bfda38c44,51
b448720a0,4
0f340c3cf,102
350c32674,4
474219bf8,82
14d3647ae,98
51f6d891d,103
4e3f96c83,40
61d566521,74
ce7f9e0a0,47
3b8fc5371,6
2bf69c9a8,42
6d2e2b6a2,102
d39e4ad87,102
1c8c53577,53
2bc5a1d42,40
cf087fd47,80
6c7e15c23,82
5857637b3,14
2c73bd62a,43
b30c2d7fb,49
084527620,49
e4e16eb70,72
4244d98b7,4
b7ff1634e,77
bfb86b915,102
e178e1fbb,53
e9294bac5,53
2212d47f2,4
24261e7f3,21
9f447b11f,71
0210ba20b,62
967133383,4
4181451b5,103
3ba519bb8,49
4091cbb29,72
5a4014213,29
a11918aa3,80
ba9e2d304,93
e7bda0661,103
d503d72f3,87
c9e727ec7,97
0608f2ec0,103
347f41bd1,98
7bba13923,102
5ff71b40e,8
978697ad4,76
2d6826d81,49
657d7b6d3,18
0c4cc8319,4
2406dc526,71
54454ed83,100
92c92500a,73
ab54ef65b,103
43b2ec735,67
504495975,92
b4eb26098,73
791899b46,68
d01d8d2fd,4
0bd70c4ae,18
6c80cfb8c,75
212497b97,100
1aebb60d1,51
e1f45be9f,43
6c52831b1,102
f458034d1,4
23b33fd15,67
925f36b79,64
a7ab2ef02,79
1d0cc3798,36
a1d2cd9b9,55
973cdaffe,48
fc4e90060,7
c3ecbced7,34
bce37c882,103
c081f5b7f,4
d493e1205,103
aab3a2289,9
f6f0e3d49,56
2e478a3cb,8
f2defaf74,91
0787857e3,41
9333ee3f5,41
d4afbe85d,43
ec53bc088,67
3aff0dc0d,8
557117401,32
aeb2bab6c,21
4ce9bc001,52
9c477d377,103
4f855f8ce,58
ba763e4ad,78
cfe74bfdf,8
007455d6a,46
6841f21d2,4
acd61abf2,43
fe6889fe9,94
b5fd14fbf,7
9b3779536,83
53cf1033d,49
3daf5597b,93
a8bf527dd,103
ddbf2eac2,8
7c1a6e1f0,58
d08fafe17,49
976379adf,49
42105b5fb,49
9eea9316b,34
e71ef6701,40
1157fe26d,0
f49141ac9,81
23e9b2025,67
528c13be5,59
93f493575,76
999be9923,4
2367b5056,103
3bfb94587,0
0e1fdb95a,91
3f36a62d5,70
3db5a2d90,79
ef26ad662,102
49f2ca2d6,72
a7f1fb92f,102
cf192fc6a,4
b687e4bd9,48
cbbe148a1,76
7775f87f5,86
24032b382,49
a77db045e,14
0dffe81ea,103
719aed16d,49
d98cbb36f,103
74eb03c19,97
ca53ebc3c,67
761340c6d,87
fd5eb7e8c,103
bcb73b724,61
c7827133b,67
2c9dc020d,102
035d2bcd9,68
e8c36457a,67
5eab13f01,47
87fde6edd,73
4f756f230,73
8924dae8a,103
29d87bc0c,18
b390e248d,18
5e2692d15,48
605131c3a,48
a7088bd2f,67
4a506053f,51
cebf5375e,4
eaddf667a,43
ab8add1c1,49
d98e07837,67
ff02d53d8,38
d375ebc76,49
5ec4acbb4,7
bda7820cb,49
cd4179139,11
1c5a3287d,67
7d7b3950b,59
c3d03598b,67
4ae7d6827,0
da76579e7,13
7d1794961,103
2c670a497,10
85aeffc62,83
b7ecbd370,28
f938b8711,49
16e7f18d3,103
c7ab8e645,53
98b1475af,67
ac114952e,58
bf16e0cb8,77
155727e57,81
da3a23d4c,103
34baaa6cb,102
d9af9a571,46
ca8726968,53
db9c84b18,49
8b2940362,14
82dd63dbb,67
fc354c0c0,67
79cde037e,97
1fb27e305,67
96112131f,50
950a866ca,95
fdf659ef5,28
bcd08a7dc,55
93e296cef,75
3526d7815,82
7d5a95675,103
f314ed416,4
455c7b67d,6
aaf781d34,88
85c997028,4
35372e4f4,93
dcab7fc67,45
509741eb1,80
5d426c1bf,28
53cd52d9a,4
40d992dc1,53
3f36f3f32,49
a939e29d9,102
a5ae66568,4
a11b09e07,69
6433f1917,47
6143c21f2,51
50fe6ebcd,49
d8ca58a4c,48
0bc02eae2,74
557900fde,39
d96704410,73
0c288213f,73
67810173a,0
a025436a1,48
867374cad,103
3bef19347,68
b41a52def,20
df16e4771,24
49add67af,29
70e87c482,35
34438649b,46
d34ac237a,59
08a7d77fa,79
2a98afbbb,52
30964e186,72
e33d3b318,67
19e44b02f,93
ade9181a5,60
f1b4ba5bf,47
91fae734e,88
c357e5a70,27
99b3a15e5,11
8303a6784,75
a078d515d,38
8a18b9699,79
ec53f72bb,47
3feba0f46,67
3ca06eba6,53
d445b47b7,8
5b69d3121,4
80b87cc06,103
3acfb71f1,67
3c3316506,39
3ed70f179,28
829bcc49e,24
7560dda12,4
127e61a47,81
a1f8b0936,36
1e2c7b899,73
2c8530a58,22
b764d3dd7,0
2994ca253,23
c12330d34,62
df4ae0415,88
a97f64861,52
c323bee87,48
64327e651,85
523dfab06,14
87827d39e,24
b96a82543,7
a810efddc,56
2b403205a,103
156c0950f,24
56737d31f,82
d8a5ce5ff,49
e27e698bf,103
9dbd813fd,13
82a14f17f,67
9ae160f11,14
8253629c8,47
0ac5ebf0e,24
6eeec13c3,53
393b7dc05,4
4612e397b,51
1a4dc4b2f,53
16810b3aa,81
441472ae6,92
8559d49e6,59
c18fddc3d,47
3c401022c,9
ec51d8607,46
d8d29bcf8,11
ba9fa9f30,0
d8136729e,53
dd4899180,21
f4fee0e27,103
e6171fa85,103
ea602cdc8,49
ee705e49b,29
cde20b1b5,50
f2a6cb1f9,88
6d7b4a632,60
fc4486b5e,47
1ba32dd82,4
8eb564814,67
771b14071,102
5e45c97c9,85
2f5064517,4
a7b95dad7,88
92782ef45,5
07be81d64,67
155c1e966,87
3b2fe5739,1
c16bd5262,4
9aa2210df,102
b82a2a3d4,72
b1adced44,60
49f7cdb45,49
77d850f7e,45
543a799bf,83
c9dcff9ef,58
d779dbe77,79
e96d15acd,14
9944acf36,65
4500b8a44,81
fc3f3fa1f,52
7bed881d2,43
a6ff6f81a,67
ce934c0dc,18
8899c2050,30
19bcd7864,4
e9c5f7cd1,91
5a33a8adb,102
b6bc88c1f,49
37fdec841,10
c11e44cde,39
04cbe7a50,103
c58d1fe16,12
bfa9dec26,80
600da56b9,71
3f7fa081c,13
bc83dd474,29
e46dce22e,4
79522023e,72
d0989eec5,4
af6ccfeca,47
1b474b251,48
35e005ed6,45
38f6562a3,53
2bec0d2ea,96
5629fc992,3
b3411ee1d,49
9409f8d69,102
278e2fa12,0
657a4ea19,75
eda0c70e5,63
8a428ab24,12
586868059,96
49f864fe9,99
53f3609ad,49
98de1be5f,67
b56ccfec7,65
ada0d1354,96
6f9686457,14
04da4955d,4
b2d3bbf61,81
df38bb8b2,14
532e6c637,92
5134a2245,75
45a702ee8,73
f7457839f,68
f9b3f2991,93
f247862ee,48
8b423a167,14
01f76a519,77
23ee9f44b,46
7f9351c2d,48
702b7fc70,79
6ebdc31d7,4
92a289926,91
8e07336d7,49
1a2ba059a,67
5ab25460a,83
4ddf168de,51
d3f044336,77
266776fdd,0
96b039170,49
4de9ab35b,102
67873d67d,4
f552eaaed,103
53cc94634,50
78bd1cad3,103
8d9185540,48
517ed388b,93
49f98b25a,68
8098272f9,75
577793268,103
117122b38,4
5954098e3,4
e9178e294,67
45093c3fd,42
89e7620ff,4
12eb5dc94,64
e1f2ff623,62
bada5fd0d,61
9154cfc20,73
f3c88b910,4
4af75b596,103
8cb48a7e4,78
d31117d38,62
f4f248df9,4
8261e8f5b,48
cc98ccc8d,14
70c95a76c,103
8c0995d82,76
516a450b7,91
83c2057bc,70
36c06efe6,72
a781c6147,51
a155b0167,6
92aea1584,79
2d17418c3,50
86935b0d7,39
e2e8f7c06,72
656c8e1a0,67
7e58b251b,40
3a49d5a25,21
e8a6ceac5,5
cb3bdf3e7,49
2623d36fe,83
2a18f7ed4,42
600693e8f,12
25a24e8b6,90
536842c4b,22
db735ff57,103
0950aa4c0,0
a3535e355,1
ed7123e07,36
1aacc5bb7,20
7046567c4,4
53fb48abe,53
5c5a534e3,97
8ab8cb727,91
d81c315b3,103
1886b234a,68
f93b17627,102
401730197,103
37885d3c0,68
137107106,4
ff5fdbd84,37
330cc9d05,4
925de0d45,46
2f8b40852,20
187ba6ef0,10
3dd3823ba,86
5233ee8fe,47
b26f33224,45
0dd4bac89,53
bd1b3d191,49
d0ee253f0,48
8f4a554f2,49
c1d072b0f,82
a42065058,10
1474acef0,75
f94013d99,14
fe1615399,91
31750199b,50
18b1c8787,73
7af25ae57,78
b59846a6c,83
4434ef42e,4
9881c6363,79
8fa0abb21,48
906ed5d8d,4
cc599caf1,49
e64bd2b5f,45
0862d460f,103
213cea039,103
67a25ece3,73
5d17abe47,50
61e87e199,90
2080c5234,28
500cf0ed3,21
38235ae21,76
1f21ecd18,101
b78fc427d,47
f4db33d12,49
d9e1e54c4,96
b80695478,59
b187b258b,81
a9eaae137,72
fab4eca91,102
5d4d774bb,5
381bc1702,93
641ae8aa0,102
909b6223b,10
a8e11ba37,12
8b4b27e9e,67
a7bb097c3,70
8967f7f3b,46
c548502c7,10
2313d0e1c,67
531165006,4
e20191edf,67
f73a6bda6,29
c90a12d27,90
1a751ac8b,68
8da1e9ab2,5
0905820a2,67
2ee9ba725,93
39f2c9f4a,11
d8f9c9f6f,10
58dbde095,81
522ea009b,53
1e71b66ad,79
fe195b05f,50
b5fdbbd19,94
725611911,84
ba9e184b1,80
4415b68f2,73
bdccd8d94,103
d376c4365,13
f6f80e6cd,45
9167143fd,8
8701aa4ff,49
74a2503cd,77
0d5832dd0,75
8d4598be0,40
266ae8451,16
dcf4672c6,94
0501292e5,77
007258826,21
27aa48f60,75
ab254cf0a,17
ae2b1bed4,12
e71ab3905,91
60372c4bb,2
b2662c86e,47
21a0ef857,29
c3bf03c46,96
ce434f86b,87
bd4976820,80
ece8721cd,72
491331146,29
7bfaa6c93,16
d45c77b42,47
ddaef039b,0
0e1199571,67
696a13525,62
7db900a9f,12
4bc167a81,67
56bb538b2,53
cb80e17f2,51
8e59ed760,103
ba2d603c3,3
29a77c458,13
544ba8771,62
1837b91e3,72
a8d7d90ae,49
6d822303c,58
7d540187a,79
812b38844,32
9367b53dc,55
232ad11f4,13
114c7355e,90
61e0f377c,36
f1e56842d,47
51d6b9846,75
988f93442,52
ddc1eacff,67
01863f6d7,4
46ef787fb,103
209e45144,62
8c0e403af,50
48fb56f39,102
8226b3a56,16
1d24f052a,94
83bb94c90,52
69c63b4fd,29
ab5f64570,79
ce028c60d,68
263d09ca7,4
471609fe8,10
16f9971d1,68
c5fdb2459,67
1eabd5622,98
7cb07f8df,46
bf4bc1677,83
015a601e3,13
bd0d92568,93
fbae2fb1a,79
ff264d2db,47
da0fc52e5,75
5acae87e6,79
086d87731,45
bd1dbe4ca,4
fe2c0a711,67
17f8af701,24
a670f0c43,67
139b1d751,4
cd88f6d4a,73
8e6591362,78
230302d1d,55
ccc54a4f5,49
ee83eaa8f,49
7e517b238,74
8dbbf9d19,68
8fc000b1f,48
3758eaf1d,3
261838dd1,49
b0b2364f5,70
6cf44ae8e,90
c1c3919f0,47
fb87ee5a3,56
a0d752238,48
7eb7812ba,73
7fccc20cd,16
4cf4ac658,41
359c8a8bf,73
48b37a43a,74
c18a20c3d,48
4d4c87a41,78
4d05e9395,43
530bde853,14
288772300,73
6d233727e,67
3af4c8105,103
d70fac2cf,73
4a41ae5e8,70
00d32bef1,75
7e8b191e8,50
1fea6253b,52
f83823a7e,53
3ebeb5ac6,46
8ce0043be,86
f8db20c1f,103
3a9ac1cd1,26
315a148f3,34
f8bffd3d7,75
1336ca52d,74
9f5dfd81d,13
9fe09edeb,48
67fa9ad3f,57
afcddfdcd,80
563c9008d,48
7683668d8,103
e964c6dcd,10
8fbcbbcb5,48
99776d4df,4
4a9f824f6,50
c3432750a,42
aa4f36f71,71
14e124c03,103
0fc65150e,68
3070b77cf,4
c6cd3ac47,82
d0a99b293,49
bfd311430,4
0fedbbf5f,45
6896dbe36,53
6016dd857,67
dc53769ad,75
e3d055215,4
b1066d5b5,45
661307d74,14
8e55f2268,81
79c1a3d97,8
f16b7e08b,14
f3e1244ca,4
136b3c7b2,90
54296cd42,51
5e287a0e3,102
4479d35f0,4
e69beeff1,73
35311eba4,34
a324dcaed,48
48b84677d,49
6896b5c5a,13
28f52a866,61
2309219de,46
9f4b942ff,67
f2aefc6cf,56
a8ba067d1,48
5153e1522,74
ee41c42cc,75
c980fa8a5,76
d8c46cf4b,56
30e522542,4
151b27a24,49
0fea673a3,103
b6203cd3a,59
4b6dff5e4,88
5eb9825ce,80
d0f992c31,4
551f3af3f,71
eb7854187,13
3a1396fa3,103
151e1bb21,57
1fb364cd2,4
0e3a60b3f,7
d08be28c6,67
035e7fa21,0
f8da03f7a,67
143e26686,10
41a1ca700,62
565242c3b,10
8fa8ee1c5,73
146fc86a4,47
8eb64dc4d,73
34589c202,71
15ef197c6,13
66d3a82e2,41
a4841f6e7,49
4374d5272,72
d7e737749,51
d39b5658a,35
9eaf1170e,102
4f21ae7b6,74
6aefb94a6,29
c0e30a258,102
afa3fc6ce,68
eea95e8a8,74
a673ada99,9
39e40cdd6,52
fd33b68d1,49
8ecdad441,48
fec3fbd0f,50
5c6e09f5b,13
bca2de14e,103
9b40a0513,48
bba2d82cc,77
f302f29a2,47
6473786a6,69
f0de6586c,49
60d83cd0c,67
ce136eb7d,22
fc85dadd3,48
92ec435fc,13
dc9af495b,4
20cbfadeb,93
c17b6ab8f,47
4e99c537e,49
78a91fc04,4
22bca0aa8,67
546744090,4
99263d818,80
df3b6edcf,98
6d8432929,47
e240c69a0,52
a249400b4,8
857250508,83
3856fdbd7,103
d28273036,67
185f4651e,91
c3bcd37c1,67
02eea69ff,89
27dc84ff6,91
0bc95f66e,58
d852da76f,92
d539aadae,48
370c2501b,9
efe50806b,53
9f392cb03,86
b6ef5389e,51
459ef45ac,33
1989da31f,30
372ad684a,80
186a8ff9c,67
a31e545e0,46
032ca1556,73
8c5ae49a8,18
909ea73fd,68
f3300dab1,49
dede702d8,45
9b7ad01b5,73
ad153ca7d,67
ac1156cb1,100
9d77e8b46,9
539a14033,103
4149127b2,47
e25ca1054,75
957f42d35,67
d0b1e24e9,83
e78504c82,10
5cc2f95e9,67
32bd3826f,103
343bdb4b8,13
a7c42fdb2,67
8d4c9f88e,103
79ec6e32a,42
922e45d33,81
7182235fe,53
89bce4769,0
380c9c318,62
63a4aed70,72
ed0be72ef,75
9dfcbdf18,45
132212f11,52
f534d4ae1,12
1bff5085b,34
51507f7ff,95
92c7c2838,86
c67858398,103
ae804f35b,45
3070a069b,55
6fb943b8a,67
d982b80ea,67
8872018f5,101
63bcdd5bd,91
8a81276fa,67
5b15fd082,49
6fbdee8bb,4
19f37512d,53
8f7809cb4,50
d32d6ccd9,47
182c9e6ef,102
e6c3f8ec8,91
c61f34131,42
5398f55f4,84
7f8e636bd,16
8212b672a,14
0d97ef626,71
4646117ab,67
638d987cd,48
59d5309a8,49
a29efa0f2,75
57fb229ad,70
0416248e8,103
47134493d,83
c95269a6c,4
bf711d50c,0
f38fe4cef,103
5d58d5dfe,14
fc4e189da,50
8260f8641,13
5fdf59f6f,83
65bd3368a,91
b8741ea9b,10
82c248395,10
6f40daa0e,0
3e629f05f,47
e43587721,87
bf85f6b58,46
83302ca82,68
acc377b86,73
b2982bed5,67
43a84d203,0
9b442480c,75
2a0a14e04,52
7dab12862,103
050bb1262,17
6a3e093a7,56
79335a465,78
8a4dedc87,102
2198f8dae,49
9f2d4991f,88
03333ea62,51
053198ea7,67
b034c82ce,56
fee53d77a,93
4c184156f,72
6a6ad6ad3,73
db49060ae,91
187b49cc5,13
bad7b9ba0,102
e4ba02634,17
dfb7f1e61,103
a893581c4,0
03a46c116,91
c128b1e28,67
7864cabe3,48
64581ef78,73
502aa0fed,75
523ec62fa,11
fac7af031,102
9c0cad204,36
e66879b66,48
0555a95db,55
06bfec1b7,42
a8de792e9,50
80c9bb328,49
b9bae6b0e,10
5a330e7b3,75
0b3c9e1a9,103
5aab08428,67
07184caac,24
da00cc5f6,14
e635de77c,81
82fdce8f2,13
8ccadcb08,102
9b28c9ce7,18
9f80990ad,84
b134d8c5d,91
b2a96e09a,102
f1deb3cc1,102
fe843e592,40
694b396d4,81
4bbb6638f,73
501e378f3,49
5622bbc0c,80
4e4504ced,18
fb02c411b,88
ec68ef123,32
e44ef0f10,54
5453d7402,4
1d03ab65a,4
aa8eef48e,97
9e7060f60,95
009216487,72
ccb9b5cc7,75
1432b2d26,64
e87044bc2,88
4bb5dba59,48
a08ff3c7d,67
42ed99f8b,1
0faa6c65f,68
5e4a5b406,21
75753e7b1,4
c5b5ecb0d,76
431a635c0,0
70501f63a,56
346d6fc1c,68
59372c831,47
073a72a81,50
2b08a162a,56
c987ff810,46
f84be6387,94
01ce7d2df,4
d0e47da08,94
762c5e25b,100
189976301,87
7d107974a,102
218ffc7c9,13
1329c5b4a,56
2d0832480,102
64027156d,49
a575e3bf7,75
be953b60e,4
d49030919,67
bac490985,67
792982c6c,41
351f462dc,65
2669b2dde,14
fb60964fd,49
632b5d37e,88
3433a69c3,0
bed3cd944,102
f60ba81cc,53
a39a47b84,100
960fe3fd2,18
2b9959134,24
20dbff58b,53
6b7f80246,57
230b4a95d,48
e6f327757,7
37525f380,21
d6e9bc323,18
4719dfcaa,41
e68f95550,73
2b1ceb24c,50
304631d59,75
2cf6e6419,52
47f7f9a06,47
7d58bbc35,18
f50873a8c,103
4ff518045,89
11bc7f078,12
1d808a2d1,67
8404dd232,93
23f7b7a7a,75
0698ae8e2,10
db53bafc8,67
abb6d81d5,76
61fab76c9,49
2f230552c,68
3da1159fc,98
ee23e898a,4
97b161e96,41
04fdbddd7,20
7e61b7ed2,50
1162b2c5f,28
459adb9c4,77
77b8cd935,0
46d095eda,8
aba2f346f,47
7ad932a97,54
72589c9b2,86
733de405f,103
c964a7aa9,19
bda439192,102
a5d301249,103
45a36938c,8
05c992976,93
5a3dafc67,82
c9d5ec522,10
743a39958,67
567e64f51,103
452ec84b6,41
2ddbb0f83,67
7db868b36,76
d974a8a25,4
e43b134a9,80
884593f79,20
4ba73aa49,52
729ac5e06,67
a7bff7fab,103
f6610b1d4,4
c84ce54d5,103
6e7b662f3,9
a134c5401,49
532eacbec,96
341538182,74
5a11b89db,0
ae016f27f,91
b6a36c182,91
0993a96fb,47
08c71ca8f,0
e69a97f86,29
35b896087,1
88735317f,67
0bb20e5d8,49
20b4cff1d,73
926ed805c,69
270665eaa,84
ad77c781f,52
1ac65f43b,48
4fb19aefd,75
92da88798,8
e696c6605,78
1e26604ea,103
383e2e03e,50
5245d1288,41
155fda1aa,67
3294a097e,80
26d9a1072,14
3863b7205,91
c3222a379,103
2f75192e2,57
85312fab3,67
410641125,91
57a59f1ae,21
5ed06cc85,102
df76ddfcc,102
72d1bf434,42
4641d6c81,67
985c8a491,81
924218498,102
7afcf9660,43
2f1f2d1d0,12
9a863b9ee,48
c43ae531d,47
a12ca9636,4
ac3ed3cb8,99
04bc5ff61,49
110f7428e,73
dc405fd04,77
58ffca855,60
ffed2a555,74
7f5d5cb8f,46
2e78d7d23,28
8a5e6e01a,75
23f8fc3d9,77
dd102e397,103
05ef686b7,49
8b0aa3f7a,81
3ad3208cd,81
5b9abdbc8,58
b7ad7d574,48
4bd5d4982,10
be1b79939,72
c425cd871,48
059ee98dd,21
1dbaa5744,56
618ad631e,87
34f820893,21
90a369187,4
abf65b6e6,77
498c0b419,67
69a2f544d,49
beb9f80e6,62
d23336d37,80
8fd2c007f,43
439c8664a,4
d5b91872e,97
0e4cdf053,102
bd4f8c863,78
9a1d5df73,6
3406f987f,29
8de4ec677,75
ce6096353,103
85f3749ca,9
78b988645,68
f1c7db9eb,13
6b57e5a58,81
9c1ca344c,28
ba49d2dda,67
0ed9ee6bb,28
c8d684975,80
b8fd3b2f7,73
817ab4ca5,83
dd88fcaa1,49
56c86b9c0,19
aa016ddfe,67
887fb3ff6,49
9d8d9607d,67
ef7856a23,74
c8c92b3d1,67
23a39f766,4
fdc6bab48,88
c80ef2e31,80
ad62f8d41,83
e69ddc9c5,81
58879de83,69
28462ed13,4
07565a412,53
7cc60fb22,52
6a1f788d6,96
dd33d59f9,14
77a987385,47
e881c39e6,47
08d076fb7,102
baf87d0e3,81
98bb92c1e,103
8e92c9811,73
8664c38e5,81
64f0cfc26,75
20048b328,72
1bf635fcd,95
95e3375ca,75
cda807af3,51
366fd6686,82
e69b66458,14
f38eac7db,28
1f411d101,12
679f13cfe,29
44d707daf,88
c4a376520,0
34d736b06,79
ec07ab0f1,68
6f3f4d188,93
10c568a02,29
8e6d1a140,29
8a8fae985,48
6aa485643,7
8b0062584,102
4ffc57a98,46
f00ba69b7,13
e2e96c56a,67
e44de523d,47
ada310267,102
80abd878b,75
9fd265646,29
bb5a3fd92,68
7b89cf590,53
d1292ab63,90
03536aa93,95
e16606faf,39
6bff70a64,47
fda794abb,67
eba77622f,43
9d375712a,2
081ee9650,67
f88f94471,53
9d7b004b2,81
ea16b16c6,16
f92ea03e2,67
111581957,0
9000b5760,12
87a37b4cd,10
d853b843c,49
a12ed8ec5,10
fdf7c8fe5,4
4bf1812c6,102
f2419f856,49
314dd31b2,12
6366d7061,4
f468cfed1,76
2d54b796a,47
8ed239a08,8
24cc36b04,66
e3c6e720d,46
57af706df,103
ed0b0e088,73
2d10d39ba,68
894696267,64
e2c4e9c91,103
7da20ceb0,93
b25c080d9,4
93b754b97,10
fd704758e,7
c85a1d564,13
087d3bbf0,53
3239f2f66,101
afd01aca5,67
a63f52d9e,10
1f750d4e6,52
28ee705b7,49
934072bf5,102
4630fb885,38
1a5e9517f,49
d829aea86,28
95d50723d,45
8776e1949,102
08bee6dbf,103
1b4a28bcb,48
5d1259367,87
d782603ae,13
a959c7034,53
d5400cc1e,67
547815be0,49
5345fc847,41
f7eede84e,53
f1495d941,53
038c1315b,48
6a1a8e17d,0
f2c6cb2b4,75
ebb1d9137,47
961163819,48
b9ff3b500,84
1c7354786,49
97b3e2eb1,73
6f88cabe1,90
4f87dd5ae,93
052e7f031,62
392019a2c,73
945155e8b,90
dd4cb3fbf,68
6318d6cfc,46
55c59324a,40
1d51372a8,14
c3c540406,50
6b3b8d49b,78
d9924befc,24
3e7ae2503,4
d14a0c9d2,51
35e87cd85,10
fb5b6c2e7,24
40b3c6e51,76
385bb724a,29
2af4172c7,12
7eb988267,103
75a50917b,76
aa6a6c73d,68
855c94fc9,75
9a1e64ece,4
1abc6d06e,4
b07bb0c22,13
2bf04d18b,68
aec93bbc4,10
3665f35e2,16
b106e1623,48
83e64f32f,86
9419289bd,43
0aaa84d90,102
0f40f447a,83
8693ef6b1,8
88fdcd071,67
1be394776,53
6f0d8372e,102
6d7138997,87
1f2621b4c,13
a430b437c,14
6e3716497,49
9ebc88cdc,83
2cd58674e,100
70f9d13b9,48
9199afd98,102
c1390c263,65
f69023f40,96
02378eeef,95
24ca41300,101
ac73af09f,80
ae8e8b50a,4
99caeeea3,4
aeefaa66b,70
6f12632ac,68
cb59a4824,77
2ea467d26,13
b57f26c3b,4
b8ff15213,73
597beba89,12
ce824d546,86
b3cf1a86f,28
407df102a,18
8f8ba278f,64
c1f89f237,88
55dff9997,49
4a349dc90,47
537f040bd,4
9a33c631b,102
dc77fccc8,9
7f3e45975,48
ac32140ca,67
5f4162c42,0
6449727d1,73
f7fd08c1a,75
6a8422b82,103
334df9a32,14
630d3e7b9,31
e758b0185,45
4165e5bec,103
9de01514f,67
53a6ecdc4,13
9cffa1c67,63
e752f8dfa,67
bd3bf8f16,43
bb88f386b,43
10bd19c33,67
630ddb37f,97
e8226fb9c,4
31ad8f4ab,67
640bd467f,83
8f2f9d451,49
91a2ba8ab,23
40752b008,73
50a98363f,16
9e46889f9,81
690f47487,67
5567bcd26,62
24ee77db7,73
35c0567f1,103
30c74817b,75
ecdb603e1,8
ad9aa2ae2,73
4ea0a3352,61
54a1667e9,52
afa2ae498,48
5a7f69e51,74
37377ab6b,103
fa19200be,67
9677be74b,53
7edbf1ca8,43
de8fd4020,67
847ffdf2c,49
0354bcfbb,75
470847079,90
51e3f656c,16
b7ad587a2,5
07f10b39f,43
d92df455f,14
209b4da16,69
8571d6622,74
f8326b046,70
90956475c,62
6e1842cc3,83
9a9255c3d,67
33b3a9955,67
b99ddd49b,18
2c0fac807,72
625ea352f,103
280b71230,48
1d8ca740a,103
dba16733f,103
ec357f612,16
1c88f1550,20
25079853b,48
0721c0bc0,4
f2ef2873a,14
96cc54a3b,50
ee9242d3c,67
9416364da,9
7afc693b8,69
e9483b3b2,74
5628f5deb,103
872eafd2e,80
1e9cf8264,94
19d5edc51,62
629436111,47
1f631a7a8,59
68039396c,53
8fc79c991,9
cc4399647,89
85e1dd858,48
9a2fe7b99,81
c1435ebc0,80
4580f61bb,67
a9cb1cf8a,4
6abdbbd7d,102
157be3bb4,79
9617ba69c,48
3aa210981,41
9556bf430,28
48e65f113,4
e70be746d,49
db04d5ac6,67
fe3642b3d,21
0556575d8,17
4afd54574,52
509965df0,97
6575f6563,36
69040ec2c,4
6de9b2572,88
6daf9a7d6,99
817066a16,36
b95364dd0,68
9fc9b533d,17
a8ae0ccc3,28
af7eab8ce,4
c010973b8,9
cc99ce5cc,82
adacbebc1,70
75dbc2c81,73
6348a7b61,75
b7a815e07,78
f4c3dcb09,103
dd33bfef9,38
534764190,14
18ad828b7,102
ab35917f7,13
10acd2f2c,0
c0ebfe98e,29
69e5888fb,67
0dbbde2b4,103
bea291a1b,51
8919d694f,91
75906e681,73
bc707c021,4
46017b3ea,20
9e7a1bca6,48
0dda08338,73
724560f8b,85
e2fdce920,49
27d271279,7
b8fbf9eca,73
03edb6308,75
9090142e8,95
086fcc48c,97
ca19d9909,67
012e26395,102
88d492231,81
37dea321a,102
3b58e0b0b,47
367f31c9f,51
94269c190,4
5d3d71c05,90
3e17385dc,10
1a25cc01e,73
20e92f82d,46
ee578c08e,59
e39fc5430,1
c63427eb2,46
d14901985,70
78d30851d,68
f99cc22d6,75
cffa0410e,4
90bb2bf7c,67
5eb03fbd3,68
d7c938976,53
04758b7d2,75
807ae65c5,39
ce6b9b704,67
10c508f77,4
730d2b0f4,102
2c6c478d1,4
8e8f25c31,93
bad8d3e9f,91
7cff9aa7b,71
0c076890a,72
1f8e21c54,102
9e006b3d6,13
563f7b16f,52
8d1bc9b54,46
57ff5b255,4
0875c4f20,103
2476c4270,80
7f01686f7,49
a20b98b33,73
019df649f,4
60e8a1d83,67
143b75258,0
0aebb315e,67
749b744a4,4
492569251,91
abe2e74a6,49
7fcbcdc02,35
5e6e5030a,67
61d0998a4,75
b09f6318c,68
735b3631b,13
1e8175d27,10
488cd2512,72
deb571149,48
f18412796,4
f553000bb,102
6aae558ae,52
6ef97d18a,72
4746340a1,67
6c8eb5daa,25
56317c242,53
cdfa5a4b8,61
78c58095d,4
d50341097,79
f9acd27a7,4
8bcc6b0a2,102
0aeacb28f,73
6d260c2c4,8
3c525cead,49
ef21b581b,43
2cba09f03,10
b104b01c3,65
47499b166,4
5e2f03974,94
42f1496d8,52
7c23c9246,53
5f3773437,48
39df767ca,10
69a3de639,68
e42b8cc4b,50
cd6748273,81
ba635bb61,48
645e6c963,65
b5a739d1d,56
9be084d41,4
7abf68943,68
ebd745005,67
fa434878b,96
3f5c2bb22,102
75bbc4353,18
e6223db31,103
f796dac32,102
bdf131dae,46
fbc1f1f89,68
8e681fe39,67
6cc34f6c3,68
e53134336,103
64dfb8137,14
d228d4fca,102
42f3a0c03,102
aab7f897d,81
c3a60c66b,28
74bcea93f,103
d1196d6ef,58
994db92ae,49
d314c03fd,27
afc49f312,17
2382c277f,55
a2d5f3e8b,14
03f8a7638,0
b0bde1b03,41
c9a7eae13,4
260517e44,71
33aacd395,81
d66f375db,4
dd613b9f2,59
52378ff5a,13
282e04df1,73
077e33f0c,13
a7756b411,4
af51f29c8,49
a94c4d821,90
bf7e00572,10
5b3de280c,77
82c3b7f7b,73
a13259e0d,101
adadd8f7c,71
ea0d2354f,27
0a71ab4c3,103
627e5cd5a,103
6601f2903,103
c09ec978c,73
9deaf95b1,102
ec6b3bff4,53
0313b9d4d,15
5cc793cd8,73
233db9b4b,80
e2567b48c,49
5a83e84af,102
88e754f35,11
3f3280fd7,4
0abb8d338,46
07803a6a2,96
fef2b59d5,53
2957381ac,13
e72c5d3a9,45
17118cb89,48
3353b9bda,40
1c63f50d1,4
f0e0f2a32,48
dd7ae60d1,0
5a2c8645d,72
fc836e711,18
4bfdc5664,47
18414db75,103
95a484b75,75
59c2eeeb0,50
2fa4ca1db,67
0094a72e4,14
c29915daf,93
fcb500296,48
e028101c5,70
001e13533,81
d15a4d94c,14
1f65738b8,69
cdb8be610,55
355abfa16,75
70498b302,73
5998b063c,80
9a3f6c785,48
b52d8f0a2,87
8e66ce122,45
b631d859f,73
536be8fe7,44
afe70f1d8,4
8e390cb4a,100
25f594d35,90
8ba970109,53
cad0e063f,26
f9b4d0e4a,66
4fc561f03,90
c0e0640c6,4
78235a81d,72
edbb2c2f5,13
1dc077696,27
83f7c30e9,49
93178e5ac,43
f5d022470,63
b9ba7799e,18
3d199ab7c,6
58bb4ddb2,76
a0add49a2,103
a5a71637f,73
2c6e87c72,53
34302ff94,0
2e8a14696,102
b3c636639,25
6bfc6b8f6,100
978d9e4ce,93
16b00a5d5,67
c5d9914cb,59
707760045,47
f7da480ea,49
2aba48b93,72
0a383f1bb,73
fef9f8524,10
3920794fb,103
5cc548c43,12
0cd2a25e5,103
72d528c13,81
9b353319d,48
e2372e47a,68
201a74da3,21
e799e6e75,82
45bd6ecd8,73
dfbb8c112,4
9009c7887,67
1d145016f,80
b70f99706,43
a9c9495ff,46
8361e9b86,61
cc7981c1e,67
a16eb5fa0,68
ec33a58aa,4
e0fe7e2d0,83
0308348b8,97
61ef56738,79
343a80f91,76
8918114fb,99
651a0b6cf,32
a05706206,81
44fc90316,63
37cb79b63,67
e7661164a,73
aad6bc2bb,4
67a3ff9db,49
813ba4348,21
f9dcd69e3,27
f2db90ee7,53
7c9f01509,39
025c07b54,103
57c274565,75
56a02070d,13
adb78b73b,67
22be03235,21
af8f1a4cb,36
55e0035e3,50
d08960735,75
9980474e3,74
e60c3bf54,79
311799a0e,56
7163520df,40
441f60624,0
057112f09,0
8d4368f5c,76
9f0f27251,45
85bde49f1,53
630773b7f,48
7315d2e99,59
0ef6541f9,75
e469820b2,76
c8c7e71fb,13
734fc53fb,13
097dde704,91
a534b0f16,67
9040a1e5f,47
4575d8130,47
c4727766b,19
c8bff789b,4
04d9215b3,102
d12204c77,88
c96b560a3,39
057d2b6d4,73
d81fb8241,71
a45f859f5,102
2a8131dc4,103
bfefa1d73,73
b605cac2f,47
4b86a4171,14
656a556b0,68
9174ed35c,4
317d04297,67
909e04f8d,71
eb92d9778,24
e1499d78e,32
450dd240e,103
5fc2cecce,5
101551fbc,102
404661213,84
7777e7e44,73
b8612fa45,74
4dc902039,53
cdbac498f,36
0d4b7df42,49
6da191d02,48
785e7d196,56
d8749b8dc,30
f8b20dc7f,67
a9cfe91af,14
8a9b13bef,67
95b5120db,5
e269805f6,82
392d4f5ab,73
b91c00f4b,5
e7b039312,103
4e65f53bb,67
99d0b77f9,50
9e4e812df,67
52171b028,79
abf89f144,84
ecf751fe5,98
6b8989275,4
330ca12c5,43
4e1eb807f,50
f67795cc5,67
51f607616,29
24ef54ca8,4
cecb3fe1c,46
7263dccaf,95
9efbbd641,67
9aa3662af,0
8556f75dd,34
a1eee5a29,13
cb22250ca,49
a91e7f455,53
625a9dbf0,72
e36cefcc1,98
4f6762363,74
fb094c9bc,57
1c30e72d1,95
805f78d97,70
9403b3f86,7
c54d38d9e,22
498de5a90,103
088b35ed1,91
eab53f47e,54
464b2b309,0
78ccf47e4,49
d85f2a17a,73
e7d33e06f,41
3b932fbd0,86
74ee51f2f,68
eef64c945,55
b6eb04bf0,81
74aaa5e78,89
a2e48b4b8,14
4a9e8f7f7,21
3dff55658,5
6ad636b14,62
c08671252,102
84b6560ee,48
88a7e7bcc,70
014809654,102
9290d73a1,103
cf9cf9368,55
ff9c8d8ee,0
bd6ee4ac7,37
bd35bb1c3,80
caa9982e3,29
cea4d818e,4
01c00d9c8,102
284bb203a,89
0fccb02fa,20
97a476deb,32
ccefc605e,34
147c34f21,77
5bc0988c2,9
fe6da2049,4
c548ffbe8,103
805d8722f,39
5c54f01e3,102
6e60eef45,90
64144b5a7,81
61486eb05,0
0aa405eec,4
2a459a0aa,18
e3fc821ef,10
dba8e8e9b,93
ab06cb3c9,102
cc16ab1ba,10
5db83d658,72
6802325de,103
8695f4633,81
61f3da6ae,48
c90849e35,103
61547bf69,89
4fa678f28,68
29f49cd83,49
9d7baffae,86
7be31a9a0,67
3fbe83f91,47
5e76ba18f,4
f3c989c3c,69
329581d4d,75
0251a7082,4
322b5e989,95
8b5aa768a,61
3d9c51d3d,78
45c23ce20,37
b84a40e10,0
dd0839e53,40
b731c25d6,98
310f07ff4,8
3cf28a050,52
b382faa85,95
f55caa50e,68
8904c358d,70
ea41e95b3,31
067c659b5,80
ecaaa5ac1,4
b87e16bc0,94
0313e231a,4
a07779d6c,50
3aa882bbe,0
0ce7adbea,14
8fe41c548,14
9067fb1fe,11
e1d48d997,28
a5566ef23,103
7405dd1d5,80
d8437a7f7,49
465acfa7f,78
d8f1c6f49,76
2c9e28482,93
0b75f1f48,4
a2ca3206f,91
f3a8be142,18
1a0d4b775,49
50ff8f2d0,41
94bd779c3,102
ef8f495c8,24
c6e5bc142,51
54dc06c7d,13
f62d1e472,86
bc08f60aa,4
57f7948f4,75
db86084d1,102
cd6fb957b,70
5255b9b6c,46
687997bb5,33
6d61341a8,74
0a117eab6,74
923e37397,75
981396649,16
8c7a3ac06,102
b17ebaed0,67
be007fe7e,67
1b426a50d,39
0ab78aa76,41
8168ee82a,47
226a4258e,48
6a69a6ae1,67
85c2ca274,4
c7acfdba4,72
5ed355568,102
1513105d2,103
bcd277266,14
6abbdbbe4,4
7748f8039,53
d637980a2,94
0dc26fe1b,71
d78b3b629,48
700cfcbd2,4
1600cce78,14
5a5cc97ec,67
2013e7b99,67
da9de3c05,4
f7019798c,72
8876c6402,67
3569ab6df,46
a0e82c1b1,48
c931dc74c,49
d9d483387,80
b64db46f3,14
fa1a492ed,4
71d454f1c,49
36c544e98,49
7cae1c547,57
b299b2022,64
d4c0f8a5a,48
13452bf5e,59
0cc1eccf5,50
bfe43d44a,41
288feaf8f,62
c41a4be65,50
17c8dae41,48
e3fb7b8e0,53
bc9873f0c,47
ae78a484f,32
1b0a08a16,71
875510d5c,69
b738a5ab0,4
a82ca5b13,67
854453303,36
fdaf286c6,65
c779948c7,49
7d2140905,29
786172ac6,67
d4f431dda,47
f04b99dcf,49
71c31d4be,95
73633e6bf,51
58f68539c,76
2ec1937d2,88
9dfd91c6f,16
a0ea70e97,71
2f2b2a1f9,7
3e1727f79,88
931b0b249,4
cc446554a,36
fd3fb66f0,48
8b23979a5,74
4b9e61e38,77
d35565c6c,96
ffb840ebc,80
cf3bba4c2,13
6036f3641,88
ffe68f250,13
5083ce580,103
9372a8558,48
0e7c4c272,72
f16b615a7,36
9a9c151f2,48
3b79d913d,73
a41d29902,7
903d6d1ee,33
3d6f46c76,76
0d48d68af,73
6c1a05ed1,36
fd311eab7,72
8a81cba04,67
0476b626a,13
7547be627,103
2bc4dc850,78
6fc119103,93
f7fe0d522,75
8ec1ab770,10
4cc87897b,47
519f5b078,60
0a63cce73,103
8182d588d,24
cdf877752,9
1c074bd0f,76
d02a2fd8f,53
0aa1d9c98,4
fa7866999,74
a15f2da3a,96
d90f33907,4
a76840623,102
0f9da9757,95
d970c4ffc,103
4a608f8ad,67
856717f8b,19
ccf5f3de8,20
5b1353d71,80
48d8779bd,67
7725cb554,39
0e538051c,69
97ddeaac9,57
a7f5360e0,48
d2dc32c18,95
3d5479aca,53
9f80ffecd,51
f9c4254e7,9
096e3e1fd,81
a6bda1044,28
a51dbb7c5,49
dfff0c929,76
d753dc261,14
52dc12639,52
77ad23821,103
f0727012b,103
27f69132b,43
2e9790332,78
121fbeff6,14
19a795eab,73
7e8d0ab34,40
ce6b42efc,4
9f69713aa,87
7b53e5791,4
065c9b5be,67
ec9d1154a,46
7257ec39b,4
7514c8182,49
064d949d6,62
918ea59ba,79
f62c0973f,82
29ee6d680,7
701d4ac2f,33
e283e73fc,14
754250691,103
3ae3126c9,64
e2aef08ca,3
65b44f1fd,18
8a5353b56,39
0497c3265,48
96b2a73ec,73
ce5af8fc3,69
b5eb21e9c,40
087a71f75,52
4134d5714,62
fa05f57cd,81
070a1abea,49
1e793aadc,72
3076e7608,87
bf195e5c1,24
7a011cb30,77
25691eb59,66
6bc102ec4,7
ee053208c,10
e68152d61,103
47ac366b7,10
9ddb372cd,95
5cdbf8228,4
61f237fa5,13
f80f02286,67
05071bc4f,72
760d22629,51
dd9cf65da,102
c93150ab0,47
1101a003d,0
aaab6a867,102
f0a786428,67
4191e9966,49
9b8345ded,50
fe1857f3f,47
08ffacb06,4
62d2aaf89,67
b71543e42,51
79272fffe,54
3303a56a6,88
4b8a4a3da,94
53a05f5ad,93
6bc2469f2,49
599713c6f,48
d0007cc98,53
033c8773d,47
13d3c108e,13
9d96a6d82,0
9d388b6f4,69
42cc20908,101
aa9279a0d,42
49f2b41a5,10
b632c0a2e,30
778808485,74
b5fd782ee,103
adc3d214d,39
13fff11ed,90
e0a96117b,80
576f07382,53
60a40c037,75
aa85a14bc,13
9c1a396f9,48
b2d9ede68,45
8175828ef,7
3ceb3dfc0,58
ac869f858,75
61f07f2d3,14
72b388c16,0
a67769dd9,103
56a33cbaa,49
3dd834459,51
ad494795d,1
c2d0ff1e1,94
d665d6a8c,14
34cc8d691,102
656851f72,50
666f4d363,48
86afbe278,62
98cd24c97,5
8b7a73f76,13
2984c04e1,50
bca8bf0d5,53
cd20c00da,56
498d46ee2,39
4347196c6,73
fc70a3b37,80
de8795ddd,67
1134b4a4b,96
8ad63bcf2,4
ff2e1b825,67
74b98cfd0,4
361e308e0,70
e93da9242,49
e26d85d35,48
c6c801e09,79
9edb00dfd,23
8925b37f8,68
e21d2982a,48
1b2d48186,41
dc8dc1ad0,45
57cdc3f59,13
662f45b2d,14
14519334a,14
67b85d53e,49
fb7d17d79,81
c1f7fad28,21
ee2ee5186,12
6760a8b60,74
6c5cbbdf4,67
9e9dda9fe,93
f6d873abc,40
06c56276e,52
46241640f,96
b6fbcbacb,67
353d4bd0e,10
a4a05f743,101
c77e635e6,49
b909b96d7,62
a086b2043,49
22b20a20f,10
a599e44b9,87
9015e43c5,10
cb9adc4aa,10
9ea847197,67
7d5d89bf4,47
75c1b1a9f,69
1f42a9439,7
184b78ad0,4
fc601ec84,93
9ada0d093,0
ecd73311b,75
048fe3ca8,102
5287898d3,103
0befbdd9e,21
74bec8798,103
3dba87b2f,4
9b444719b,103
d0661be31,81
1c64ecac8,53
76809aa23,78
fd3bba010,13
f67596886,87
af8b9e043,5
99b639774,102
e57ba8f31,45
db789a901,23
ae9a70845,77
bcb18c6e4,73
c515db368,103
36a930b87,32
f1f288bd8,79
51ccfb7c4,16
e267693a6,49
c762253a3,80
1fe55a939,35
1e155978a,4
bcebc0b3a,64
a334e573b,48
ee2fd195b,17
b05b5e5ed,8
6504eee67,83
15c1eb33a,45
bfd8234f6,102
5752ad3e2,68
d59fc6634,14
8cccd4aa7,4
58e9042e0,96
8b31b6453,67
4a6513e63,48
eaeacfabd,93
7e25fdd6e,50
5fbdf775d,91
0e5e79e60,74
3a44b1b54,102
7484473e0,67
200cac2fd,50
23c567b03,4
4b57c7aaa,49
9af5f572d,82
0119427db,48
5e0e038e0,53
73749e7e2,75
42a9682a8,96
42090e3bb,91
f6c766f77,95
88c6b5f1d,12
c080ec831,48
5934fec49,10
ca3dd51e6,80
040684077,100
cffa6d1a4,102
95f734b2e,55
18fba1554,88
2f29a2a9c,91
12d007adc,0
f90f6d589,49
504ce2b94,48
8515fa3ea,90
e0f2a0864,39
e9cf75605,41
99e7f0526,102
f69e60044,68
e3542e88d,28
cc3b595bc,81
ab1d26187,53
e9fc9a217,49
73acd2065,10
514b8d03b,34
16ad94559,43
57d3813ab,5
b9f422445,86
43df50ed0,86
6e93d8d18,48
b811b25c9,67
510743b2b,79
794b67c42,75
ca2f4b9ce,5
abea787cb,82
dcb79c93a,77
3d17ca258,5
2f36a9903,47
80d468ca4,102
64e5e148e,0
f63a9b6fa,102
bb15fd515,64
8024a233d,47
546ea2a87,49
30df475fe,48
8d9213283,9
4fa22a6e4,67
4ec8b55c7,79
ce1019f58,93
096df77da,81
8f04c2207,4
11f448738,13
1f673a775,63
ff37e4d13,103
2c8b6d457,44
debf90490,48
7300f20e6,30
167bb4270,67
a8428cf05,103
1867b3487,81
5fedd16b9,76
1037cd266,14
8dbc94744,8
cc0e98f9c,4
4bb5a49ca,63
14b62edb7,39
ddb556ab6,29
6ebd051c0,76
38765c6bd,81
d146e8595,26
23052c6f1,53
3232d6f56,30
cf68a6af8,103
f229ebf45,40
be9d52ef0,69
39236fa60,49
67ecf7563,78
491a37339,47
afbdbbf2b,72
ba23c645d,20
a6732ac2e,47
063528d00,0
a3c091760,21
53d90c2cf,71
37aab2807,103
444a5e9fe,73
6a3ce1e4f,75
d83d3fbab,12
7c2d22784,73
80ec46d31,78
78a777eeb,56
ec55c0f86,103
f441c7185,48
455ebacb0,2
7f4a2f594,12
caa580f63,4
dbed4d8d3,103
4fe7886e1,91
5924c5e47,103
25b1a1971,49
7cb5e6b99,4
61b28f8bc,48
4ce386ab0,67
20be2b5b5,75
40fe28512,68
431dab6d7,48
026d4082b,102
7e6854001,53
1691d45e6,90
117551743,49
88f8cca3a,68
6b1551121,88
5fa624040,64
fe80ea2ff,101
9c8dc2ba1,4
116dfb5a5,67
114d128ca,73
358cb6a28,81
085ed175a,41
09a438bae,56
ccbe77cf0,70
ec3f90c05,102
d8d27a914,17
c2b8d96b7,100
a20b7d9fa,4
6ecd0b17f,103
b79cf00ff,53
f638a96fd,4
ddfb8f27b,5
64c056f47,48
ac28e9c47,63
e8978b192,54
c19d02d04,7
6dfa10ee9,94
bd439cf5e,29
46f84af18,73
4fdd76274,67
7f5e3f4d8,77
981687c64,57
ef40d788a,31
dd331079f,14
fcac5a7e5,30
103a5633a,75
7ebeaec30,17
b260d939d,15
fd88bb2c5,102
fc7362a16,82
a2fcedaf7,102
71273ba15,88
2e0dbcfbb,22
3c98993ff,78
31a7d4530,49
3df11cf29,14
385906707,50
e95556293,18
f91c76038,103
8d2997526,49
1461713ad,4
fd53118ce,81
611876e26,14
35975d1ab,93
2ffc025ec,4
0be01212b,69
b24b4ecc1,7
8e90cbc5e,28
62e32ec91,87
0240a9430,49
352a2c45f,103
df8c1c48b,103
440128919,48
8b01cbd62,4
6c925a18a,47
ed8c3c3f8,4
dbc79f0f4,4
9f5e5ec3f,72
e394b0931,67
69ca9a78b,73
f6f3f541d,48
3c425da53,72
15bbc7306,75
a2b22b6cf,91
e6b713626,103
1e954dd4c,49
9b7918a64,14
532160a43,73
6eefb96f0,49
058cebd78,53
9c158e3c6,47
256e89fc6,81
1557e4b6e,72
db63379e2,83
21d31d208,73
26cf9ecfe,10
fb7984b64,28
35c39adf1,76
5681077fa,4
5c88d781e,71
8d6e9cd06,19
40233a112,29
bd401fd21,41
d29cd9c2a,4
7600dbd87,5
b7c137651,74
7dc69b4eb,63
41a9e2617,44
a3355967c,48
30b7ec090,68
b5253f91a,20
f77e765b4,79
55da8e5b5,102
c3f6cd0e0,59
2d3c0a80b,10
82f95de55,103
18c42b6b8,102
43ac410fd,49
fee9f7c67,77
67b0d01ea,103
06631da4c,91
3b0daf5b9,48
5184d47b8,71
603490d95,53
d9cb87ad0,49
656f4c5dd,68
31a00d007,80
fc2199013,91
8ab688113,16
47664da16,4
3776f98a8,8
556f2c5c6,74
738116e15,83
9989acdc6,14
c4d436848,82
a0f7fea74,84
d00342c5d,40
3debf4070,8
acc5f6c4f,70
73b47d713,45
0b982469b,48
07ccfbc89,102
c2a609ae7,82
1fb1edaca,17
49b354ce4,19
8eed96f65,48
24526b077,76
98e101a61,43
c9ae3ceea,50
de23c5486,68
00450d304,14
92d8c290d,76
5f91412c9,94
6a8de3c09,50
3d814b28f,102
21ea59543,4
c46f7eba8,4
a0c7302d1,75
d4c65214c,46
e1da2a9a7,10
8e07cbf1b,67
dfb75caba,16
801b2e0b5,45
aaa8e6d3d,47
0b25964e1,75
f6fe43282,12
0db5748ed,103
e7d7fec7d,67
8fb591dd9,14
36c7c4a64,28
9cd8464ef,8
a8ec16428,40
1327f9bd0,67
6463c47d1,96
ecadeb0a2,48
1eba038ad,72
97ccf888c,40
ae05e03cd,50
e8aba010f,71
7adb142c5,102
025960a54,48
d1b3aaf63,53
25e91d523,83
fd33eec2e,102
96109449d,42
ac1c8b1a1,8
376134aea,73
b080d20f2,91
b46f208b1,102
a7caedcb0,73
dabb82074,0
2c2ffb258,102
306cd2f2b,68
7698bb454,56
2a99b0118,93
8d60b7464,88
a01133fe3,101
aee5c9b93,16
3680129ae,47
301315f25,86
fc6fa6753,47
92673a9aa,87
f10545931,53
7894b3f5a,90
75b41a741,71
68a81ce4f,33
d4bd9703f,14
71149a63d,30
a31b18ea9,60
6485978a5,48
2ecf2e9de,13
4e19a3a2f,79
eaf6fbc84,91
841a4bd7b,49
ee40fc4e5,84
9dac30b0c,64
09c8ebae3,29
891e42a88,68
a0301d0e5,41
0feb4e2ef,59
40da3a46b,71
8128b8af9,13
413305146,55
01262c8b3,67
dd9f61326,48
6d16c986c,23
a36120551,25
dde8d3397,45
357b3b1d3,96
258ff457c,14
acaf761d0,86
7d0e7bbd2,10
e1f685853,49
d495d29df,103
b688ee356,94
7d5126c94,14
7b46c52c3,18
0edbc1625,102
3625c81e9,68
0623719c0,103
efd7dff01,73
4a99afdbb,97
1fa6772be,103
da4c0be52,47
cf1fb187a,4
6a273ddf9,94
cb82723d1,4
459d3299b,73
fb85ca687,72
8a8eefe09,4
6025abd59,81
405bb5363,94
8a66bd5fb,67
64a00a8a1,47
af181a2a3,98
4c25aa614,103
8a1f6d193,49
70ef6d8bc,28
ce6303fec,67
c0ecf5eb5,59
4156a2861,21
8960bdc5f,48
1e3e2da00,82
5826bc1ee,41
a3d8cc563,67
a2b4482dc,39
d278a4f7a,83
515ccfe7d,29
48c00c048,2
92cf1594a,66
29d5a8bd5,73
f73820e9d,13
7eb08a18d,4
19466d61e,49
aa560af38,41
6eb8b8e84,83
7012b4533,66
564564fa1,28
4ca32d7d8,0
3d44a717d,24
d4ab600c2,75
79c5126ce,0
916ee9985,48
464b3976a,40
c76daa7f8,82
4787424e6,47
61ceb0f5b,103
5d238f402,48
5c9aadf3b,76
ddb15721b,35
57b90f0d7,49
7bae0ab5e,90
43e458e40,47
6229791d1,49
a64d32c6a,34
9ed2586ca,82
1c946e0a0,17
9bef7aa96,40
435326c89,29
bd3464591,103
e0a576d7f,94
54a9c9512,20
59b2a320d,103
711216a77,57
6821046ee,49
285e0bc7e,52
2545ad929,49
d482c8cf2,45
2395c9740,48
5ed174c75,67
5dcad39ff,29
3901d45a9,8
8fdb0b741,32
66f455e67,32
efcc34447,4
82d5f6620,13
9d3360932,4
f86503c22,0
78c02c2f5,103
bdbec7ef5,34
1b0684dc7,47
35b66a46d,103
02434c828,44
af4d8f92b,4
e291c8794,93
4cd75e21f,81
2e1a7e4a8,64
cfcd57260,95
6cf4b47c1,48
fe7857419,65
3be948614,12
564a0856d,67
a10a0b280,29
b0ddbab02,4
3d95467fe,5
84b9be4d6,103
be75bee29,103
d56f1eaf5,80
1711fd57d,13
3c5f0c3b4,75
f1641e325,93
1ca3b1ec9,53
4f2196c72,5
763b49b1c,47
d92a98c89,72
f6e02f90d,47
004b88e09,67
974d0a175,33
b145790f2,80
f35bba490,75
77a6613b2,18
2a5df761d,56
f9096c83a,28
ae6ab4563,91
a9f0935ed,53
738989c7d,77
8afd1d330,70
21191d2da,4
6395b130e,9
f10187efa,102
e9a2109c0,4
8d6118759,72
70077ecb9,12
2655440a4,76
a46582e86,45
c7d865058,103
02d70ed11,82
e8d0e382a,87
7d04df1ca,48
0045ce94c,102
d1a2458d7,62
6c3ecb861,103
1ee86a298,49
62e5874bf,55
8b7fbfa1a,53
028852549,61
a3500e94e,102
b8f76869d,4
0dce2cb5c,4
9244f8d54,80
d3d08e737,82
62728ae3b,71
318d049f2,96
34c4cf37e,22
7593bf7d9,5
74837e719,73
66df2d548,48
71c57f5bf,96
30f515f27,82
715656abf,95
755794886,75
a29695033,39
8b86c4635,24
d8f8bccc5,23
197830e87,52
92debc194,49
7fad74e0f,4
09adc5faa,49
2dc55fb57,18
97cf2d9a6,5
abddbf3d0,13
411394fae,47
17d0be640,73
760a844a4,41
97808297d,69
53622739f,67
4cacbf1fc,75
04a069392,73
4c039d563,79
77fbaf59a,76
2cb6d8130,53
8fa62ef13,0
dc39aab6e,72
5d796ff7a,86
9011dddde,74
856a55f6b,24
a62dba9de,68
ebc612beb,64
26ee00728,4
2c2f59092,4
1314201bc,0
337ffc67f,47
b9811a813,80
e64905c2f,75
57b0ac4e3,95
dafe76eea,82
ea072301c,91
4e4c57892,74
b37712a07,13
787578be9,90
0713eb9a5,4
cd503942f,48
50749d154,102
6d0419afe,5
b0f2342ea,48
e6e68b7da,10
2103e7549,67
269d88554,67
b3faa4ebc,5
dfceb73a0,71
818253773,4
4cc12b820,94
e925b2ba5,48
fac66356f,4
6f725ddd0,95
0d558f91e,0
a030b3e71,47
8b4dab7c3,49
6c360b751,91
b882b8bd8,86
99e810fa8,67
fabc19e97,53
719a12da9,80
5285b9c84,41
ae61e912f,13
1f00c0495,24
6b3c00c84,75
b74047d71,57
ce97c8026,4
97947bb82,89
3d3dbb521,45
4f7f265b5,75
4d178a6b4,7
5675c2ee7,93
47c4e4fce,4
f337de2b3,78
bee47a94b,52
b108950de,22
5ff5a39ea,58
974a99cd3,91
616bbeb90,7
a94f6dde1,50
49c1a8313,14
3b6693e00,78
b3deff050,49
69dd8b98f,85
388606357,52
2a69fa3a2,55
6022f99db,51
1bbcb152a,73
07d138d01,93
c72964068,47
edc4bea12,103
147d79f8a,49
dd8b1aaca,47
64dba18d7,10
6bcdb2495,90
1a6b89e31,49
6d711f23b,4
7a512bfa0,4
4b49bfc87,102
496bb2adb,4
5d59f9a69,10
38b394064,53
38477b2a2,76
5608c05be,82
903a3ee76,103
1a33ad4d8,73
9dfc925a1,8
cb225cfe6,51
6df282095,79
1c08a7736,47
e5eca71e3,73
5d0b6dc90,13
bfe670846,67
465605e5b,71
8bb630662,90
11cd8f57a,103
fd0121113,76
94a7c5ed2,67
f38c7346b,4
7dea65fa8,52
eb66fce7b,64
33ad24008,67
08031b106,102
141ee85b9,67
4831ae48a,9
b765dfa87,10
31e5dda95,73
63bec561a,4
057cfa1b3,102
b10193db4,25
3c5103dc0,7
26f0c457a,67
7165bc7ad,91
53d9b87f7,53
baa258007,102
9bb756baf,10
5382ac6d9,47
adbd3dcf6,77
1c5dacd9f,50
73654808f,103
def4dc802,4
3a17f07b0,14
88728f169,49
be75d9856,73
4d0229802,47
1971e15b7,102
232a50a3a,7
0bdbc4859,81
60c0ff1b2,4
5359b52dc,4
80e758118,1
a0dbd84e8,102
2690d9568,102
91433794a,8
11db2e1d4,67
eb6dbc774,47
990ca8dc7,103
919aa404b,14
52c27c7e0,103
5c597c7e1,82
241a96f41,67
6034d93d9,38
e2e81b2c4,34
0a98a2179,73
41af5743a,46
12b630964,82
cf86bf7e0,86
bea8158b9,10
179aa8d61,0
f8c41bdad,48
b82ef433b,50
487a6f05e,60
43fd926f9,50
6cc8bfcf1,75
ea86d7b46,49
b7aca2c8a,103
fd25ed5d2,51
4c5a20840,79
3b60b5bae,67
5bddd9a50,50
8304d7230,4
91ed2728b,102
56697962e,83
c28a33596,42
a0affbd33,10
f68109bb5,73
8716d5221,47
4e7bdb1cb,4
9e4dee17e,81
8848222b2,96
a195eb3f5,5
1a6e886f2,48
6c123c407,41
cbbc6e017,73
e12b35292,67
88de21f46,69
7cca3e7ec,6
cfdfb9028,13
2939aa5df,67
e557fab37,41
3cf641526,103
1151a0d22,13
47611c7b0,13
419424bb9,70
8d36d1fd7,30
72e6df7f4,63
275fa220b,100
c21cd70d4,67
84412137d,103
3cade7849,10
9e60a5b0b,68
daa767533,92
1fe1e5c34,68
70be85fb4,67
1fed3b30e,68
3a9b30bf8,102
9eeefb070,53
8ccdebad5,53
00a7a6244,49
ef6a25c92,13
7859791b2,68
22c98bd18,29
1cb630a6e,50
d96c3a358,13
145628804,58
6a6689958,103
d6ded3726,91
d3cdb9655,93
fea37b294,14
b335b5bd7,67
b0c17d5c1,77
5cf823995,53
d06adb15c,91
67a4a4d91,68
bf6653e3f,67
871699e5b,73
683e58330,94
df23921b2,72
124b3526c,47
71c381469,76
440daa96f,10
a74852f37,4
0ce2742b7,19
f6dfa3eaa,44
af8f3cceb,75
6c77db7f1,14
ac63c6d38,67
ff0e67f2f,45
8d0b21b05,75
5e01e9489,103
0d69ec15a,48
b5e238431,70
36af4c914,102
953076db7,73
af669d8e8,68
2c8f66cc6,47
44fb03a32,102
a7fcb3749,103
118a60f12,53
a4f827652,103
1caf8b7dc,35
3c22e0a0e,49
42ec55913,102
a0ebf07d0,49
35d5521e7,89
54d263a8d,72
32d710e55,73
ce27113a5,82
8cee8b405,29
b9eed2baf,75
49fc70cb5,81
6e045ef23,103
68c50e34a,4
cdd700dd9,91
4342207cf,67
bcad89a07,4
f822afd0d,34
0a90e5cb9,53
d1cfb6a0d,30
1a5d9c089,10
6d7ff30b8,103
f39ff7ba2,76
8c66b87c8,66
f56f35811,49
5a078c961,71
96e4b2ef0,49
21c09e349,18
3dbd32e8f,49
aead648e4,103
c22e3bf9f,49
8d44b6bfe,73
08820c254,93
a8338c626,62
730cbd08f,84
f1b2738d0,31
1ef2e4de1,100
89ea4a518,51
6386c2d78,47
364e07591,93
4adcfb275,0
2e0bc183b,46
6fa36a899,91
a1c45a1eb,73
25b6d41a2,76
f52f85873,93
afa405f0a,45
681e2b154,91
629160ccc,53
10f4c026f,81
57bbb106e,93
d17630e6e,103
dbb2bf69b,13
931e94184,75
50a98f706,103
1ffdf0d9b,102
691acc46f,92
85c40deca,4
034fca563,22
b3cc561cf,57
1cdfd8172,4
30e82e694,103
96993f959,24
664ab3455,67
50ae0bab4,9
d1edcd33e,46
599d64d01,41
32863f792,64
e8e62aa32,7
6f25bec48,4
63eb884ce,73
ed55bdf99,38
c5ab18c87,67
f809ac529,4
4f5a0a2a6,67
a0d5a99e0,69
c52257cf9,91
5d56a12d9,99
19248ab83,68
5885a2c34,43
a19239dbe,102
f7f77acb9,103
fbceab432,13
d28fc9f29,83
87f8091d2,103
6a1072588,11
0be370901,16
2e494a369,47
8d9ce649d,48
a794b05cd,67
d70ee220d,9
1ff3a322b,4
68e8b6b9a,7
c753eb6c0,48
c8baf7ea1,51
f21ab1aa2,103
99f271a51,101
627f0996d,102
40cec32ac,99
9351e7281,52
fb93c4c46,17
ae4b7aec3,56
dd103a297,48
010c5d8fa,81
857a39495,47
c9efb9d66,67
c4e7f3aff,48
db95e1a99,75
f23084f4b,75
7677ecd51,102
c3565844a,95
ca256fab6,103
6be94f8cf,4
de996c4a9,4
3537c6c84,53
20ac1c597,94
35f0035c1,50
eb2216bf9,83
f7696fbde,103
6db9ae896,0
b846a9ee6,21
d9a466069,49
94d387cd6,10
78ceb6218,4
8bc85ca8d,10
64088707b,91
67556ec2a,82
0e675095e,17
6c4b066af,10
967f27ca5,8
4f5abe367,68
1b07b0a53,35
728a12444,26
ccde3ea45,75
4cf56a9f2,93
5ec9553ea,74
f9c5a4820,67
897a2400b,73
d71ba33b6,103
911ecfaec,24
c11fb922f,95
d3777d5cb,48
1d762bf2b,67
346182497,21
bbad1c1a8,96
49f22c2e5,65
18ce23111,4
bf9e90a5c,14
31f2e5155,20
9a6a82b59,75
40ded13ea,14
7c734cbb4,52
d81994ed2,67
1b8a45d4d,7
0be920d76,9
505472dd2,46
c8cacb55a,48
b9fb466af,90
e8cb185dd,38
12fb0107d,10
bc4c39336,4
d17ef4e5e,52
c06c7ca88,78
66cfc023a,73
ea915b13b,85
b9feb1bca,55
e82201f68,82
b6cb0c2b8,67
b48c962e0,4
7f6076e29,103
7fc947bde,49
e053b45c3,72
d2e838de1,54
ec80c1413,51
60e283191,26
14057210c,40
67eb6bb6d,69
9ff246fe6,79
34c97f64c,73
bfdd4162d,102
175e8c4fa,73
6bf3d86a6,90
ddd24583b,41
1375fd010,53
0b8333bd9,50
61ff4902a,67
481c58d57,73
03af10094,73
849e05914,67
82856ba28,103
0f6325318,73
d415cf45d,10
960b40f5f,94
ee6971d20,68
ea85ab37b,67
285ff0263,42
a67e861a6,67
f37a76430,0
da4a55d56,49
610314687,102
8faa5deef,59
75e6b445c,99
af511f5d0,52
b5f49135b,55
4abbf6ecd,78
fe214efde,92
adce755bc,103
bdb951b2e,13
d16bd1260,76
ab78481b6,62
9d44bd787,49
8745560e0,53
3294f5eb0,65
5febcda99,50
3b66bda54,86
848c7cfe9,42
07b2feecb,99
462a4b1f1,60
dc4f97c9d,56
b364a9362,102
77aa8505f,103
8ef4a7754,79
55a7e02a2,4
d4350350c,10
676bac625,75
6f81b250e,73
98f577627,67
496eaacf5,48
98dcdf215,103
a475599ad,88
08770c1d1,103
33332272e,5
0cec3ad84,49
7f0c3fad6,102
be3a7698e,49
2d9284433,28
a23d903c3,22
3dc8e9edf,37
0a2e4e1f8,102
64803f8fa,62
95e7165a3,103
6569b16eb,48
d6cd39e5b,50
e0151da58,40
d4e9355ef,70
4efdca978,102
24c202e61,68
7472f2db4,83
30da0fe81,90
3fd719b67,63
2ee5a9066,68
bbd3eba7d,102
b72ac95bc,82
24bc9be2b,49
95c77ab53,4
6bced57ba,49
805a4dfb6,87
8c7950b1e,39
68596af51,80
622301a2e,73
2b7da32fa,48
d86ebd20a,4
811acf839,48
a497a8c2c,13
4a9a2ca92,75
3fddc8eeb,54
773cb6978,20
f5aa796ed,48
9b49af313,81
08710eaac,41
fec748ff7,74
2d64f0901,61
cfe6b80bf,68
eb83e32a8,96
b0f5e118c,47
58a2ab14d,68
a43f7fc0e,41
224d2ad17,41
708c1099c,99
e91e87dd4,67
3b7f6b220,13
50c36b121,103
97d3f3707,76
ceb261e4c,82
58c90fc33,49
bf7b19901,72
904f86ba0,67
4eac8e323,53
2dfc47c2c,24
8073355bd,20
2b3d7a7da,103
320890eb5,4
8c17a992a,4
563ee45dc,75
b8c5eeb8b,9
7eed3c569,4
8429cc1ab,17
8deb17128,49
57a04f0ef,24
de757dbb0,103
6ed6b136a,87
c49f75868,102
a7df3f054,70
69d14fa3b,78
9a3fa2c38,103
f1516a306,102
99536c670,8
9d0d80d6d,1
721e72651,5
be7a473f4,103
92be2245d,71
2da86b144,14
f5ae2d10f,47
ea0b66dd1,0
a86983a99,67
508c39bfa,29
1a0fb01d4,4
0b5c8e646,48
972c95932,45
41e36fab5,49
33b9d73b8,82
5f66aedb4,53
a00b723d8,72
fbfb8db0b,18
56f31776d,28
bd8830a6d,13
0afbefa46,95
7244c8b3b,67
991108b09,43
49601a7ba,47
57b85fec4,49
4a98c96c1,28
ada4b9362,67
f0e91b85a,80
7e53bd3db,80
e8bf3b5ec,67
df17daf47,45
7cd4cc27f,52
710ee21be,40
2c2579451,49
84fc267ba,7
de06ff6f7,87
d2927e981,14
7ae85e90f,87
139bec7ca,67
623270c63,39
718f47a1b,8
ef799e46d,100
ae8e3af92,73
856565e67,52
8e8259669,103
c74e100ff,91
837a91c2e,91
8935eaabe,67
37771fa98,10
cafd03a2f,4
01520f1c3,53
28b08d407,102
de4b24dec,45
afa55360f,62
db0c2006b,49
756c7c9c6,75
43428f900,41
671c7b595,71
96a197cb1,91
64a8fad00,73
8a4c6a3e0,82
341b65192,67
bead374cb,49
4863d1e67,91
2a69bcce9,72
11ce56786,9
a1b220f98,72
09c2d54ec,14
2043fd8b7,47
f116f4ff9,92
7d7a8baeb,4
40073bdcc,52
a5c902dab,53
563a8d7df,47
d5cd9674d,64
ecf64f4f9,91
a1dfe6e17,14
e3b70ca71,102
2f4a6e151,102
1c35c04a8,17
47f7fcd87,0
64a1bdd75,76
43f34500d,73
1aefb1a74,4
464ee7908,91
6f09acc36,28
e88d42b8b,67
503c5b1ab,14
fea3b6b40,47
257de6c9a,102
39e2183ff,102
7668e5204,51
a564e4f51,9
855c5dccd,57
7b6429c7f,77
d66dec02b,0
89fb3d0d3,103
f0e6a679a,39
4f4f5f14e,103
b9204c339,73
109a722a1,14
bcc60f666,53
f05894941,53
4232febfa,67
6fed43511,48
8a6ff36a7,80
7c8007f01,67
c3d234832,49
6e3ac91be,73
b273a1ca7,87
d01453352,29
aa5c575fd,48
87acecd2a,55
dac6805a7,76
c393d0e16,96
b86044a66,87
41716e097,73
93af01df3,74
302e11bd2,10
52189b48a,71
3962a6493,57
278e6c9fc,12
7409a08d2,44
c590e76b2,67
a85e27a09,43
2b4be937e,19
e1b3d72dd,45
469301bcc,70
8d3aa53aa,100
8d8c840c4,48
736b7b278,53
8d195e4db,4
ba782cc48,72
36c65119a,8
d5e054427,2
4a530e1c1,48
5689bcc21,13
96c6c97f9,47
166cc9d99,43
51eb14267,40
b1845770d,50
ebf692344,49
7eaa17466,16
acd745458,75
2542212f7,87
92d062d8d,69
53033eeff,4
0fcde961f,47
1e28c6a4e,38
790eb61fb,91
8d73023b6,30
0422f8181,53
976e6375e,4
ae331a500,96
272457fe0,32
3a19e432f,33
407b393a9,4
dfb5140d1,67
9cf28dce1,10
67cb3cf97,4
706aa9df2,53
bb4688502,47
95ca52d65,40
c232077ef,14
79c33f52d,49
06d517e80,72
16b341509,24
6c51e020f,72
7d47fa7ba,49
67cc6b5ab,74
9c5095d94,13
0693e839e,53
f03697dc0,103
d18e36dce,4
5554ae705,94
6b8f11ae1,0
3d4a5ad3e,67
f247352ee,47
176afa321,102
132144011,85
6309c0fee,102
117831b8b,68
26417279a,67
6fcfa47b3,50
1adf45393,61
74f0d70ef,103
82aa265b0,88
c2ad42df9,68
dbc26a259,41
1cccba04f,0
50df03fb2,0
915159fd1,91
6a664ced1,5
269695569,102
378c2a70e,67
7dd683db0,48
8198687fe,18
a4e32e242,103
62c459f66,6
d82441a6e,103
6a414bfdc,13
bed5ebc31,82
f53f2f68b,82
41dddedd7,10
d0e1963b1,102
fa0d9a392,53
904bafc6c,69
786ac2686,41
22915105d,30
ceaa96cd6,53
a405112f8,49
44ad68c26,103
a855179f9,43
b3acfed2e,45
e0df04630,4
d0cd8ecb5,71
d913c762d,90
183896a90,67
8bfb79995,100
67d5e3bf5,12
597bcc032,52
a1bd64c5b,10
83b0ea85f,73
dc826db21,12
7089f8683,67
4191c5547,51
59f5594d7,8
1a5b47e16,62
7a660b9f6,4
f9d24e47a,13
cd4bca93f,49
ad7707082,41
f05946c39,73
b35d89433,10
62eba5d4f,90
79423d8e8,76
2ceabb5ef,53
3bd1136ef,86
c55a2af2f,8
eef5aa7f3,103
5b229190a,102
532c117fc,73
5155022aa,13
27455ebf9,49
29add8561,86
750bae291,57
2873bf12a,102
f0f7be744,11
89ef3a121,74
f0f900bec,5
704dfd7e8,90
4afa6c98e,11
8c39d1b41,48
8e298b272,46
5ccfc8dea,49
ff1935c29,10
9b608697d,52
cbf0f9495,103
28aef7cc5,24
b63c59f86,102
a3d0a07a8,48
91610e157,73
d7d655c8d,61
787c185b9,102
e665e264d,58
da5d0dbcc,102
c52b1e973,22
ad82ed1ea,102
c68758b00,81
7a8d95cdd,45
4a5172bd5,57
5d375ac61,93
250f0fa92,12
fcc54c894,41
4f8a37fb9,67
a71e2481c,67
35eb134af,4
e24d7d290,10
00e3084c1,67
68510e311,67
10e3859fc,14
25d63647b,14
a391d5adc,50
55f00c851,49
d7a64d386,47
1a993f386,103
2a914ceb8,67
151cd8478,5
4c4fda276,91
d91b12e12,82
2858fae7c,67
d5766b84a,4
aa1db9aef,73
57c0bd843,103
d9d6e7525,76
8df2a19b0,4
c25b13b1d,29
b57325fc7,50
2b91acd3b,18
ebc1583ce,75
934408cfe,87
939f715cf,68
822b2880f,50
d8bfdb6fe,102
39dbd326c,58
c1c9a86db,82
3c1645928,7
7d33fa1f7,101
56cfcf9da,75
e611ad6ae,103
81d39b116,100
9e3ca10fb,4
030364f27,75
c2e2626e4,73
19c5ba9b6,73
7965e86c9,82
0021f0d33,13
fca2f698a,75
e4f8cae75,67
0ea98df12,20
d710d0940,83
0be81ab06,102
9b2c62063,47
86dbae006,49
09c208a92,103
fcb1d086a,49
65f299d4d,26
e416c112a,103
cddf33a9c,76
63c3945db,48
26844c8f3,49
f9731b808,4
ce60e5f2a,48
93c15dc29,80
504e1695d,14
f0abbb0a3,90
677dcf9b6,95
e6798651a,50
b77626f46,83
d2e37916f,73
7f71b69e8,45
87a192226,4
dc2ff7073,90
e2a511303,73
846099053,56
afbd78d62,75
d47eedb46,56
727d99d68,67
d85ac7942,50
054de124f,94
fc2f9869f,55
ee58ae806,30
2bed40346,65
083109f62,24
d7b1f9c1f,49
ac184d84a,83
bc53d427f,14
3756769b5,53
3912b7506,4
9be9e90cd,49
6c95b6248,102
c180f1160,103
4d5836f7d,4
664bad216,48
154896ab2,52
c38903943,13
202b90ad1,102
1bb8d0c39,103
a7b14afce,88
c92cdfeb4,45
a98070f17,13
a94695f27,4
e7870e8a8,103
71c1f0507,103
6cd33c3ac,4
1f1d99593,103
c071b59c2,102
e7ec33080,0
75607a399,87
7b6338bee,48
52eae9528,103
721301e6b,73
2429cadb3,45
2118eb37b,50
5e84a449b,51
bb298dcc5,67
e6c5fe236,48
d9eedd469,10
e9c29b67d,4
36568fe64,0
f69a85264,52
9a411636d,37
d5198c9f6,4
45c144250,54
83f820e61,93
7153f9700,48
b12c4cea9,51
64923375e,14
932aeb630,68
cd35b6b36,48
f1ccc8566,47
6a2552916,39
c301cdf4a,67
fb83a0899,103
caa1dd6ea,67
b67bdf3d5,4
32d9fa7d1,47
a4513ca36,62
3da7aadde,67
c563c699e,90
d390d32c0,51
85d27a16a,51
2d40a8e47,72
eb478b7cb,73
eeb2d5691,21
9fc4a402d,28
4bef06f11,53
b91ced576,50
be5a25da8,0
5817b58d8,11
9f9578396,83
3ffde4543,53
18e4061dc,14
5172a3da6,12
873590360,103
9d3f09890,65
0072f64ea,0
d5f6e40f7,51
4751e93ad,102
b7f261913,94
1c8122f7e,90
cee0a6466,87
abd803ecf,47
cb02dfd8e,68
07718a208,102
e914d195f,103
414fa5cce,69
0664c88a1,91
9cd366371,60
2bddd2904,4
88d3afe93,10
fe9040ec8,4
0543d5d92,53
103a4a0e6,11
2d46aba06,14
9856ba8b9,4
3a6847333,49
f638bd582,53
876b105eb,15
1fb45cb2b,7
b78e121dc,14
e8475ad43,67
dd6301145,28
98a3b2209,73
6f229cb58,48
c70d94083,85
07f963c50,68
023520fc4,4
d470e311a,87
29fd845c1,4
30b4b7aea,24
b7063973c,58
fc220624a,74
e95ce8077,73
250af268e,0
6e74639ff,87
f4dd28145,102
7327abf40,35
ad81d29a9,55
b078f662b,87
24dddb20c,102
abd018788,11
6ec67346d,4
0395f93d8,16
0c295f0fe,87
e3069605c,103
c7cdff2f2,103
155f68180,10
9294f2050,0
1f342e690,73
b043db93b,103
06acca7ac,103
fb3530a46,28
07e4f36cd,103
8a5e8c715,47
d64daa728,48
79f507d4d,13
706bd2088,72
a1ca4c928,8
97dfe0bfb,52
65ce506a1,103
e0bf00d7a,5
3474e728f,102
7ff8d6f85,90
3f6b5757a,41
69bdf9905,87
54620ca30,13
c50ca0af5,10
950c30887,103
46d8e8e19,67
acbe731d1,72
06f00d362,102
d5b001638,67
dc680460e,103
055ca7ae5,53
afdba6c0f,63
7dc21298b,52
76b0d0576,4
9e4eb029e,40
1d9693978,67
6bf4a58b1,50
1aeda3f6e,49
4fd1724de,95
166c6bbf7,8
21c3d4a53,71
a2d6fcb7b,49
8005ccb52,8
7a538b99e,93
e046fb456,96
a7d70c4de,67
06a1a191b,67
94b493650,102
97de1dee0,94
9750fe0c2,90
6959092b7,74
764a98598,18
58379dae0,31
ed1e5c7aa,48
80d50c469,48
a6ef2c9ab,43
c1573a6be,78
cfdf97182,48
1d6fbd789,87
8dc5fdc92,93
6adc43d81,61
887cceb1f,50
b7882444e,73
e4d72ce27,100
4289422a5,102
01163c5e2,12
900f1f50a,49
157924ece,53
79901d55e,8
4fe029378,75
4884ed7c2,49
09bc0c309,102
0c76a33ad,20
b82ecce8e,4
fa43f67ed,7
495e8216f,4
d30a6e9e5,94
7e23f7ad1,9
b868bcb9b,4
2406e977f,45
35e573945,67
ad3eb529c,46
41163300a,0
5193214a6,49
df5392f38,52
fbc9ef0f9,67
1a902c080,91
570029ba3,4
0eb530d0d,77
5ea36cf54,0
a388602fe,103
8012c6779,8
3552b2954,22
f4feeb150,97
ddc839a0f,57
6094552e3,0
86f5cdedd,4
e09c2b70d,71
9b9381ad6,84
1fadcbda5,88
c32f14d9e,4
c50fdc486,48
c61564271,16
94ef8e44e,43
37b58af62,10
039b15a83,48
c9db9600e,13
15cb0c24a,56
6b4fd7e01,81
ef123cabd,102
997262689,67
dd14b70c4,102
ebc7ae3b0,48
745cf5ce0,72
a85a06d9b,72
4779122c2,52
d6503fc7a,10
f3c3215ff,12
d1511e64f,61
1a40b279c,13
c0825b4f8,73
c9f640a80,30
05d03cdb2,49
994b891a6,55
79e573478,79
eb1ac3552,52
1c3a7bc99,93
cd29fcb6b,102
9f905ae2b,49
719e9e88d,48
f0bdd22d9,102
3ee4afec0,90
bbbc5f9a8,62
3333af434,73
edf6883b2,48
28c5b096e,102
81bb11926,4
c652a7499,50
ad74613c8,71
3ba0b4f6f,68
7cdae8d89,56
3f1a86245,86
7c9adc043,88
aa2b95145,75
14b239870,35
cef09a713,91
875d12d36,29
bd049d019,91
eef606ee4,72
fe40a3dae,48
651d0b2f9,67
25b7cecbe,67
4f4574478,8
eaaeacd1c,103
57abd6d16,67
5376bd006,7
d56664e9d,19
7e1f50feb,73
be30d241b,87
0c6b189f3,73
18abb30af,8
797d44519,103
b20b97998,49
5574a3c79,8
54b876ff5,77
983130c4a,62
529f2ee42,102
57f693d04,4
7d32579d5,8
a44826a0e,102
1d3399cbf,72
085b33a8f,102
9b9dcd9c2,4
0ea779a14,82
cfebc1eb9,73
3a3274d90,53
52e436680,75
4f14ea184,29
f718d5fff,67
2c302c916,18
72f51631f,73
d062630fd,13
206696cbf,50
6144fcc9c,93
77767dd21,31
9ba7dcc7a,77
a1b523d1e,13
94a240084,48
cbff5d0c1,76
f2cfe18dd,102
da98b5bac,8
946ef4894,36
b62a1a945,0
e1adf9362,46
e75ba2d32,1
60c188245,41
6fbef3988,51
bc4b01a52,87
cf3047df1,46
51b1f6a59,91
c87d22df3,39
24bc6b404,50
b2cdea1bc,59
e4c0f1e32,102
83bd193a6,102
4afd6043f,78
1f0642fd4,62
e163f8333,94
22cbf6e58,53
8228ed988,68
93f0dd7cc,102
b1de2b162,48
eb0f37d39,95
d36d163c8,103
1ed9fc0aa,72
f3b8a1077,40
e45e707db,87
6ea2b0e7d,95
9a6716090,42
7a7c505a8,50
1ce1a7e34,91
a3b63b1f7,4
769f6fb8d,47
669487461,4
5906e9893,103
76311e00b,10
f2f66f2c0,67
3ff1824db,102
3f4d7610c,18
85e11330f,4
5bf457360,103
ef591cabd,59
2451960a2,0
061e3b226,76
8f4e1b979,53
885d5d2ef,96
82b0ce34b,75
653dc3b58,78
ffcda7d10,103
5e7372874,102
3eba562ed,48
7e5967223,67
c354e0d67,49
7a26fec2c,102
5b1f12738,81
537f3aa34,10
9a970ddaf,67
4d7e7b6cd,102
9dec6e6da,67
c3af619d3,45
38bc8b746,48
3e043e76d,21
6180782c6,67
3d99a3247,84
690f1dea5,47
0b619448f,67
ce6f860f1,76
c3bab1104,4
d4362cb73,83
0e6c034cd,103
5bc1503a0,10
735783bb8,10
869035e2d,50
0d7eab0ce,49
9a3a414d4,78
168f633fc,44
75e80fdfe,4
d8f64062f,4
23cce6771,4
4df5a7b4a,0
6a69d191c,36
e788cdf9b,96
c874dbc71,82
bd6b0dfac,17
1507fc4a8,48
6129c13a7,4
6c0edcf33,83
c4c67ba42,61
db0212bef,10
e181cdda9,17
34a95a94a,0
57f44a56f,47
3f3cfc6e5,33
18a0fa20c,4
0a38b5a6f,21
6e3303932,8
033f56581,51
82a37e873,86
656ea8ca7,16
562b2d688,5
acc347bb6,49
2b1fb675f,4
7cb805a4b,67
a2e477d6f,47
e079e7ca5,68
41c27b630,47
1b7916b63,31
d5d2c10fb,95
bd3518b92,49
078233359,48
024ecc6fb,73
8427d213c,48
69ed9d7a3,48
a7464ddab,40
815b552f8,71
08302b7a3,49
d06bf1078,103
8592e5ece,50
39bb94d66,24
e23369e1c,53
ce2745e96,51
c0b653e38,25
4dfa64964,103
a7e869862,96
db4859b98,73
2e31631e4,72
2c54bc2fb,49
4ea7f54f5,70
21a5f41f7,82
003b89961,102
62b5e80ae,53
cad6a0d66,11
a53fc71a1,50
1b4b7b0aa,46
21608cb5b,14
b9e513369,80
0502ffb63,40
29bfe409f,67
031a7c19c,97
e45a03866,67
43c7672d1,50
760ce7b43,52
ea6121903,96
6a099e4a7,83
55603d86c,55
b601d9f8e,102
9ff26d18b,46
3ef916a55,80
48bf5c6c5,24
73356bf2d,4
875d61521,22
e830a4d93,29
7e85cac95,87
4217c1328,52
5edeca301,49
f2d9b993d,53
658b73453,28
eeb419776,67
e3bdad3bb,103
d12bd1d03,53
0999994cd,16
1081dc395,67
93b56e886,86
52232fe3f,102
3d0556ab9,8
e7f0f1e63,0
ad06e1507,67
f5da36491,102
4a42f34cc,53
2586669bc,85
19b55b489,102
aeb1a52fc,67
f9a14ea8d,94
bf8a78505,52
1fc614660,74
ac263553a,67
0af1026b6,49
5607b2020,67
d8346f57e,53
8d5b79bb4,96
e80bee440,48
ca865c4b0,13
eecfcfd26,48
12c03d834,4
8893d08a2,84
55683854c,53
caf89a8f1,47
0ec158f7a,4
db2bf0488,18
5d35e5409,71
2b9d54083,5
964412965,76
2557c29c7,90
842be06bb,8
babc5e002,46
ffccd38bb,24
82e9c6954,8
a7855a3e3,67
f99c51769,82
1b0656451,103
ea32570af,102
60b3c1ec6,102
2e7d74e55,67
a6ade9e09,67
691ff0015,8
50f33fc4a,67
8801493cb,81
17c2e1b73,28
093f50986,103
ccdbfbc8c,48
10b54687f,57
c27d9c294,49
577136af2,102
04ec1f692,48
4c79f68f0,53
85c84a176,67
043666ac5,79
c8e30f4c4,79
48689d750,45
408db7399,102
916834e2b,71
28f0909fc,72
e4e3d8a4f,67
6db4781a7,0
ae6b4c59b,102
ed429fccf,53
941dde56a,47
1218dabe7,59
3081eb3d7,80
2b07811fb,73
d4bf7a89e,49
f4ac8bd6c,47
463545278,48
c48f8f050,49
480dbd0cb,8
95ab27ba4,68
f48aad6a7,71
78c19e86d,72
e85121a2c,103
3edd04c83,48
684a48f58,71
b067fabd8,77
32bcd07f0,4
ee64fb7d1,40
7c10f4b8b,28
2da61d102,10
8482cd4e5,0
efdc65d2f,94
79cb3514c,102
a5b6a29c8,52
90bd4a9cf,5
c9c4ad186,71
41f7c2604,60
89e147dd6,68
bb5147a35,49
f34e6c4db,4
089c2739f,92
6dc57d8b3,47
6b9570949,95
8b2b9d6c0,53
789e8506b,103
d35b47e60,67
9a8d29f7b,52
f9f196acc,47
064a230b7,29
709d4aaac,82
6429d59a3,4
26444f504,96
0b9edd8f9,4
2eaf291d2,53
237c95bc6,62
4fc55f7bb,102
548fe4d32,19
f1e71c574,4
eaf19ec05,67
393d8efdd,101
d0b48815a,55
c87bbe155,68
66574442d,48
a76407bf8,50
63ac3780f,8
aef983095,56
5beab41c5,41
2af766509,53
0c56833c4,48
c01254e45,67
6a9f813a1,103
2b4605245,98
386369977,33
a016dd653,68
1beb4e8ef,53
68e87d794,4
938b2ff4f,67
fe824e9b2,67
42fbaf02d,57
2dba0571f,14
228540138,7
70cbc35a5,74
b32d80296,52
943e13c28,21
8a223576f,14
e7638c0a5,14
e7791dc5d,9
5f024c911,103
46d056d14,4
eb0a1b58b,8
061988edc,76
88ab1aed7,62
eb4bacc7c,48
048596edf,101
40eda589a,45
0b027c740,65
dc4a5c985,51
4546ad0cd,4
935518c47,49
816ea6eb9,103
7723a9059,40
a17d53e19,48
a5d650b37,0
e8add9fd5,75
aaafbe4e9,93
5112d23be,68
03c4126b4,24
2ec187152,12
1363038b9,96
c1e7e7867,50
d8f81ecea,41
f21f7aba6,67
39327a0dd,95
a1ae9344f,32
d483748e6,47
69c31f86a,67
9264502a9,51
3ad81fa96,80
74ecc535b,73
4b0320af7,22
87f6a1325,67
5c71c2638,98
b1391f097,63
ad0d1c07b,100
0963e2956,103
35b87f500,50
b0d928a20,80
36112c4bd,48
6461cf7f3,67
ecfc076ab,49
b27c04f88,22
b9a264608,11
6be539abf,102
f157a3c6b,10
95eaa8650,10
8ad5daf80,86
a5f5634a7,52
76f661311,4
9da5c57ef,71
4bfdec3b4,40
2575123f6,48
509570780,67
1f38d6778,68
4d8257f18,4
420e4c39d,68
a91c62b42,39
88226300c,13
43382559c,28
f880b1d01,7
ea95803b6,98
495523f05,103
92b24e585,4
a4c653f29,29
8a0b0f47a,8
b8c3f66cf,79
2ce1e0b6a,93
64a087667,40
3714d19b7,53
bcbc0ec93,93
ca9c4b1e1,83
5e35708ec,100
70e6b4f07,67
3d087513e,48
2ae165ee8,75
6b5cf2a71,13
cd3c07f1e,73
03c54f05f,49
81f2fa04d,70
b8a90ad87,14
8e9cb9e5f,76
ead4c9659,53
bb91e163e,103
f69355cc5,103
08a78ffc3,14
53d1111f9,53
63d72a8b5,86
14fe67e77,102
ee3c66211,24
019a2efb9,67
9e011c986,7
4d42fbb18,102
b2d223ece,14
3e3942656,102
e9928cf8f,103
1f5a8d8c0,68
10101e982,81
e690ff8ae,73
7b1177392,76
f0dc59c83,21
2c79f3a6b,67
f033adb55,41
8bf87e69c,76
151d03177,97
a0dfbd411,46
5ee6cb24d,30
0667667be,71
e9e0698f5,27
74f1c073c,68
c05075421,52
3beb40bce,51
70d37d23f,47
ff6213278,13
377abf496,22
96d8b0c1d,73
39c5bb98a,80
cf8ee02e6,102
bcd68e6b2,0
04a7f34aa,49
08c3da1cd,68
11ed4fed5,50
7af3ecde3,103
805888e57,20
07b1b8c87,23
a3d0ecd9e,14
ec7f6d106,30
fb2895935,40
804f7c7a6,1
b83336a9f,99
757866231,4
65a3a7b6d,54
35b89eb8c,56
377240bbd,4
ad60c3571,4
cce4b16f5,61
b30719c82,48
b72fe5b8d,102
fd6b80e18,28
214121cb3,93
e8a1d04f0,29
170517f38,102
83abaef21,73
3599e2fbf,81
5d4811c9b,76
f58f83775,5
110dac9f2,29
dc4338093,102
26f14822a,16
b6559ddf2,49
6c1e0dfda,64
c6fdffb79,29
3eaf5a947,83
b167313d0,103
5c76c7057,4
21ca80954,64
23ea06b99,103
3bb893d48,10
0535ccb68,4
902b5770f,13
b96651b6a,87
ea755b7f6,67
69af53dca,68
c7cd71880,102
4c613566a,103
383ce35cc,40
e2b90e868,28
ed849ee3c,4
5227d80bf,8
72848173f,103
284fc118f,5
f5207be25,56
1ec665f37,50
0281e01e3,73
38d113afa,8
e9a53e9fa,73
30802b47e,13
fe30ebb03,76
5dac2f949,52
34aceeacc,21
7790e656a,57
90b57e4a0,67
2083b8669,93
2b5c4fa01,46
090a1154e,47
fc6b8b594,102
916e18133,45
aae8b6cb7,41
b0b810f90,30
bf9efeb37,47
3d000dd19,29
5f274a6ad,42
56cafc1c8,67
36d0c85f4,81
f5a3fd7b5,49
d34eabf31,48
486d538e1,48
8c59b2b7f,48
65c796a0b,103
ad27e607b,76
9e421d059,13
c0a9efdcc,67
4a03138df,4
3653292ac,0
11e3afa83,95
ac67924f9,59
121fc6463,53
14ffc1505,49
4cf1de29a,51
f5e86abe9,83
dc40a9854,34
4ff54212e,71
d8909ecab,103
f281ef28e,102
ed0204f22,26
738af3f29,4
bb9565c29,67
5a86ac765,48
467025843,49
0ef6a4923,68
0cbc27679,93
eac0fd0b9,7
50b7b51b8,91
ff2ebb52f,64
f6f821392,4
8e75c9098,70
b80e5bddf,74
edca7ed7e,40
a8e6d30e2,51
07b9edd52,81
947bca713,47
90e8d8225,53
ee6340fc0,49
09cec0e8a,102
f1babf32a,90
bb1e822e8,80
333118494,79
3af79d01e,102
977ebbfb9,103
9dfb86d81,90
00f05ea9e,68
ebe718ae0,45
fda42498c,24
9c3ca26e9,73
18d6844a0,87
91275fda4,36
6b8d9d74d,13
4b2c0659e,102
fe1669ffd,97
d1dacf9dd,103
3b518d13b,13
5f84c75f9,23
72033968b,73
a11aaec4d,45
d30f4ccaa,103
98038f676,85
e6135dd8f,36
53f2f97d2,52
41cbb748c,95
2c061c902,75
04721ef43,4
abb27a80c,14
2a017a2ec,4
0571dcc03,30
1777595a2,53
f0f2f3e0b,10
816ada493,53
f424ad351,14
eed177624,67
c5f7f7fe3,103
af3c7a24b,36
b7c02d7c8,67
8fc8f357e,46
979be015f,91
8d94bd8b9,18
e4bd15b11,9
54419838d,79
7db44032e,10
f7ec97ce1,93
5528db727,87
df01d58ca,4
4d20e5f0e,81
195bacee1,12
7059b2c59,67
99f5a507a,93
863e8afa4,8
0b2640e87,67
467d1a4a4,14
3b6e604d2,49
ce0668511,67
0134f018d,53
2a499fa40,90
436f2b8f1,49
597ea383e,88
a3a17500a,49
caff65f31,102
490efc553,74
2ca0a45cd,76
a9a1e0332,86
f6e9739ff,48
b2004fc1c,53
2a40c5664,82
f8aff0cd2,82
f7890fb5d,10
b8c82be3f,24
9c64cb14d,47
aeb6e32ab,65
01597bbec,55
2a60639ba,20
e555f7ecd,67
e9d6bf3cb,83
e72ba29c5,49
0186b465f,95
7d0e16879,29
f59c3ad7f,53
ea36e1b93,79
5d171dcf7,102
ce72a44fe,103
1bbceba89,91
36da5e9ca,64
f21bd29f5,14
2194ed33a,10
79f689862,51
433c9564f,91
d0411902b,75
16c791a6f,0
da1b9b717,89
7b6d30721,102
5f729cf60,22
131ea4f52,79
c0edbe84c,9
646e258ec,49
02b01a158,28
226ff375e,39
c6774c8ab,49
9d98f7c9e,4
8996126cf,13
9a6e4aacd,49
6ee6d6c48,48
6c2ce6d90,24
d4a2a2f29,103
fb6d4648a,52
7cc00d3bf,52
f9eb9c412,0
da6f46b28,77
2bb868394,39
3be259713,75
2e7fad027,76
674e50421,49
7a9de4b35,4
698676b2c,46
57d9b8302,10
465f2ddcf,0
8f7dafef1,67
d1e91d28a,100
02055dd80,93
0c7c4d0a7,48
8f206287b,10
8fe3eca19,51
a1c8de469,47
4c0f2c1ad,87
7b1e459ef,20
374452b3b,45
cfbc79ec1,68
ca1b7fcd6,80
9d38f1232,47
c4c9b5dc4,17
56a71117b,67
35659b2ff,28
757e27b6b,72
5c66ca3ec,102
c62460407,53
e109f9b0a,89
9123fc9c8,38
1e0d2fb87,29
d1ae6b983,24
96df0c6bc,73
fb9a6a9b5,18
888fb3305,78
88621ac35,0
23a5ec48b,0
a7af85579,102
c63df66ce,102
76dd2577e,93
44903b337,67
19f18eb63,102
85d30d942,80
4a30cdae9,48
202eabfc4,35
c92684487,10
1226ffc63,103
fb78539c2,53
149c9e414,62
6759ac31a,102
6953f8992,103
f811b7fa3,73
792e61b1e,4
a3119fa46,102
c64eb3a36,67
ff67d505e,62
4591d2725,49
4dfea8574,67
7cb1fb42c,80
64213e873,67
075d6bb86,67
07f85cd68,73
b8c434ee9,67
5dd6b63d9,31
6dc1a03ed,28
7f7b2c732,78
7b506b5bd,98
42d890962,10
4198fad68,103
394eed0ec,49
4dccae9a1,67
aa32d1bac,73
2daf558c1,42
847402c34,93
e3b0ff721,47
01a3fdd52,12
3a391563c,4
45610320d,10
056767c8c,103
24d5596ef,53
50c9fd635,87
f87390b13,86
9304e605c,82
d08d707db,73
767a87c4e,67
f2a35c7cd,76
a6e42d0ec,67
afd56596f,13
42e378280,89
91398b8af,9
a5b604f04,47
57787a61a,103
914b0e71b,87
3a1d5b5db,73
a2e59aee8,73
ff5d4568e,43
84a3027c3,81
434079379,14
8e2bff6c6,4
cc6a65411,10
fc8428025,86
14d0bc36e,103
07b1b52f5,47
b0e07a930,42
fcebd07c5,67
1706c5144,10
fdf61c313,68
a048044c1,81
911c029b5,39
2cc73c0c9,103
b30ac7015,41
e11a7a42f,102
fd5cd4e2c,49
e83500196,4
350182af5,4
77e34e261,49
c5c1962bb,102
142929b13,67
2cfc6468e,55
6abab3d7d,45
d9e7e7723,50
a0bdfb2d3,96
baa0d1cb2,38
18ed42876,61
501229169,82
1d49676bf,52
4d88ed603,10
ebd098414,14
341eee5b2,13
d0a654445,82
36f394d24,14
ac1af6f95,77
4ba2dc197,53
991b607de,51
ab905cacc,4
b45121ff1,80
0c8abe310,64
c0dd27777,28
9a879fb6d,20
e98492667,48
0f0ccd222,103
7de565519,5
7fe424fe7,67
74d672d39,103
018353f1c,67
337187c30,36
f7107a3a4,73
d20e60a1f,49
0d6befa42,9
6e4e60f69,83
5ea428031,75
98cb45c72,49
a1a26657a,88
3f7a7e0d8,49
38a3caf8b,49
19e07f757,81
fd1ebe8cb,103
63ed2755f,82
6e979324c,67
4a3bed1ab,102
c6bb832b3,47
b8bfa2b50,14
d89e84047,71
3919d8ac5,70
878cb5b42,4
d7c723881,40
547e41140,59
bbe2e7c64,14
6a9dcc24b,9
8af4a8896,67
19b046852,93
e9471b958,49
1e59b9929,20
f76006728,99
30e800167,102
72606e8f3,26
2c7a32907,28
897e8e24d,62
5ac5273a9,53
1d3f0519b,99
7605a3733,5
693fd2ef4,75
9256e64b8,14
b52c3c500,48
9cd6277d4,67
c210cba33,84
06a271f97,42
cfe404d71,81
797da59fa,67
ca050faf8,103
7e2ed4d52,0
5e003d916,8
4479a460c,14
920247fd4,46
f9de43fb7,10
218e61006,68
fb67e5172,94
23ea13205,67
9ed125a83,73
69f5b082c,12
79f93fc6d,45
07a4b0444,61
f18556a22,13
fb8be9bfa,69
2fe816ce2,40
7beeb67c3,102
671ad3443,74
f8b87bb44,0
8b293a45c,81
37b17ad81,67
39b18554c,86
36444082b,49
14a804b2f,49
e56916c4c,4
536c83e57,17
991294873,103
b0d0e7cd7,79
702cf1671,48
47830a2a1,27
baa4deee5,14
875858dad,90
f0da19dfd,24
993b3757b,31
052f7e154,29
eaa8b622b,12
ca1095668,51
7ac6f5ed5,3
368d86c92,74
36d4c70b5,67
45ad763cc,89
23d5c512f,91
80ab4469a,69
ee19b7f65,67
8f7576edf,53
5e69e6a8e,4
eedc4e2f1,44
d75974136,93
c93ecfaeb,73
ee3c0e393,4
a666bcc36,102
fb532209f,7
6e16e769d,49
6f238770e,62
f938ff523,14
aaef221e7,35
b125a5970,67
369e356df,50
34d222c51,24
9a167fc40,29
2bd2ebfa9,53
66cf381b9,102
a35a4626f,73
73d04b4a0,83
5b89103cf,52
a18ae9e89,92
4c8e7b1f5,67
5e216ec7c,50
e60d33c82,75
f4684cdeb,4
0a8a36c25,9
6ba2f9b54,90
c1e39ffe4,4
2482d97e4,18
1c0c4fa86,46
e5540e0f5,21
77759374e,96
f85c3cd52,53
071eaaad4,43
a1b4dc452,45
6b47e8357,67
486248544,67
85f511409,56
4208f72ba,67
85b7e1897,103
bdb501796,10
c6326ffed,59
f78eecf21,53
e6c9612bf,73
a4d628083,67
a9855f136,83
25004084c,98
fac4230e7,53
5c38776b4,0
9e87cc8f0,40
3c36c119c,0
4194b2615,81
95eb4c83a,7
6c14532cd,0
874df1738,82
2e21540ac,90
f8933e5d2,32
5f2c16024,12
de9010824,48
31dec703e,103
c86cce658,14
7f19952d4,102
4c91c2a8a,103
0fde7a334,4
1fe1115ee,14
a68286bc6,46
0b061eae3,67
0ed0741d4,28
17625283c,49
7ca677dde,75
4028851f0,48
2ef28fa69,67
33ee9899d,49
41ffad9d1,10
4698789b6,4
441c13b73,4
ca1d1d65c,70
4e933f65c,53
8cd1b6545,53
42acf797c,17
40fc0d8ba,48
0dc507ad4,75
b545ede10,48
832b85df9,67
a21a2c1b2,101
fc13d942e,35
48faecd45,23
a6ad089f9,53
38b48be78,75
224416fdb,49
f51e1baf9,67
d9268cb57,4
02d846418,102
6820bdfb3,71
d2cd8b9fe,21
89f3b6297,102
5e166be69,58
7d3786848,49
9cb714943,4
e68ff576e,76
da0a25a77,67
a4cd1d43c,67
624196c26,5
c87c12901,48
689eb9f68,80
e810fbb6b,67
c3ddcd12d,73
80ceb515c,48
f0f7de90c,47
29f4ab45c,17
aa118cbeb,37
76bb433ee,7
878bf09bf,72
fd44aaefd,9
d1655f52d,83
f735fb308,73
56e37b524,4
6ef0b83d0,53
eb71bcdf2,62
9f3fabc70,46
2c05dd6e0,75
26a12de02,67
4c6264df6,48
3daea4675,103
2a158f54c,93
5df38050a,4
57d893ed7,48
31ee17f77,103
2b47bed50,103
4a1d07383,80
26914358f,87
6af290ef5,14
832e7cf1f,51
402023b27,47
3dd4e386e,93
d5ccfad53,67
8965a61bc,4
392443fe6,94
ab3bcad5b,46
0cf33d505,49
5ec08d254,28
631f04e66,4
29c460e2b,67
b020fbff9,96
a21f6d452,82
a829407c3,68
c54530ff1,48
055988ad2,91
9fcb174b6,10
82316b58b,102
9fb9a9e81,67
a5d4584c3,49
76e3166a8,68
44af20a55,49
22a46a27e,102
f5a7cbd09,102
3a81df4d4,4
61290cc43,67
323884b26,49
e2194cc70,39
deb71b934,79
c44d85f2f,53
47f8f7372,47
6273f48ef,91
f26f199fb,4
68d5dc3c5,31
ff2804289,51
f986f94f0,48
cc256396d,29
ab6404be4,75
139aad8b2,13
979d4369b,37
cfc106ac3,103
e2987599c,73
313055a9e,67
dbb703916,72
315d0c65d,90
9ca216086,103
cd86aac5a,61
623b64d19,48
5e2125e43,49
7dcc4ff7e,74
c0e7198e2,47
7d759eb81,4
f985ee0da,67
c20b4c81f,47
abac36cc0,50
500c6294c,87
5f1a08959,67
785f14a23,53
6387659fd,103
435e0f59b,64
6162cab31,45
9d9605a15,67
30ecc23d5,48
5ca912390,14
3ff83ac2a,103
52dd86f38,67
40a956d5b,46
1289609e3,47
fcd2cb7e0,4
c2b3daa2a,13
f99834b3e,80
67dbffd24,67
e256b0ce1,4
c404b8c8e,77
3875d3601,67
654504abb,81
cc9d66275,18
fb91caf96,29
8bae211d3,68
da176437c,74
486715238,82
e207a9c22,25
db09a299b,18
c701bae84,73
465fca558,5
9d4d22004,13
e59f4958d,49
881336587,28
b845a0f00,67
51d113f3a,53
dc5498af1,52
f95d4b24c,21
91212615a,42
becdc1364,73
e34bf0fa4,49
a13d3dfa4,87
476283f9c,93
1a9d0eae3,102
9e7925f1b,49
c51ad1704,86
c5d48fbbf,30
6021f47e4,17
cf787b891,49
2c7ce5049,67
2a0a2ea23,16
a78af18b7,20
d09882bb8,78
581ead9fe,39
32a1d9f65,11
251a8d95d,103
0cfca4a37,50
cb3ba4df2,48
618ded9bc,103
a024aee0f,55
c2ddc15a6,58
7e3369c19,8
48526fccb,98
06cf3311a,4
2072cd9f3,48
5699993e6,49
6d48de3df,102
b0f5721ca,45
abc1d37b6,102
47f47a868,49
754eab3b5,42
8c5e0c760,30
5a2911399,48
02073dfee,9
d4c799460,69
c199140c3,49
97dbf9d67,103
99617ebe0,75
831348989,1
ed087f460,48
63e2e3e4f,99
1cd461407,81
7d1005a2c,67
5fab0c048,46
2a608c0db,4
8361401fa,48
589fe7959,50
d7388a066,62
d46919710,52
1b4edfea8,0
27c1d078f,103
7f5479556,87
d82a21bbd,23
c96004e94,45
d6c7e918e,48
b9b88996b,64
d7a9e0691,10
b241ccc78,10
1ef426390,102
e955870c5,70
ce3c158fa,47
298ade3a4,51
53b2da1bf,102
1e8c44cbe,90
1da642ca9,73
405a7d77a,4
c785abe6f,65
9e99e1332,40
64f9d993b,48
7f4520e95,50
1dae04aa5,100
e46998f4d,48
e86e2a592,53
18c7b92b8,80
f0fd3d741,24
f9c931893,77
3b7c11d3e,91
41230fe49,68
3816dac91,103
ac8d33b0e,7
9cb5c3012,103
3522d5b4e,12
f65475a24,13
40ff0c11f,86
a859410aa,65
a24932259,54
cd16a306c,49
523df966b,76
9b9c0e574,14
62a682a26,29
e6ec47b1d,36
f89a5307c,10
25e5d12e0,74
